Workbook

Sheet PrimerSimulacro
E2: Resultados Primer Simulacro | O2: Puntaje por área (0–100)
A3: Grupo | B3: Sexo | C3: Documento | D3: ESTUDIANTES | E3: Enlace Imagen | F3: PDF | G3: Matemática | H3: Ciencias Naturales | I3: Sociales y Ciudadanas | J3: Lectura Crítica | K3: Inglés | L3: Posición dentro del grado | M3: ="Posición dentro de décimo y undécimo ("&(COUNTIFS(Comparativosimulacros!$C$4:$C$1500,">=1001",Comparativosimulacros!$C$4:$C$1500,"<=1005",Comparativosimulacros!$K$4:$K$1500,">0")+COUNTIFS(Comparativosimulacros!$C$4:$C$1500,">=1101",Comparativosimulacros!$C$4:$C$1500,"<=1105",Comparativosimulacros!$K$4:$K$1500,">0"))&" estudiantes)" | N3: Puntaje Global | O3: Matemática | P3: Ciencias Naturales | Q3: Sociales y Ciudadanas | R3: Lectura Crítica | S3: Inglés | T3: Verificación
A5: 601 | D5: Acevedo Castañeda Luciana | G5: 2.1 | H5: 4.38 | I5: 2.66 | J5: 3.38 | K5: 2.74 | L5: =Comparativosimulacros!M4 | N5: =ROUND(((O5*3+P5*3+Q5*3+R5*3+S5*1)/13)*5,0) | O5: 26.58 | P5: 55.97 | Q5: 33.61 | R5: 43.13 | S5: 33.54 | T5: =IF($C5="","",IF(ISNA(MATCH($C5,Comparativosimulacros!$E:$E,0)),"Falta en Comparativo","Sí está"))
A6: 601 | D6: Aguiar García Jesús Antonio | G6: 2.49 | H6: 2.77 | I6: 1.73 | J6: 3.76 | K6: 2.35 | L6: =Comparativosimulacros!M5 | N6: =ROUND(((O6*3+P6*3+Q6*3+R6*3+S6*1)/13)*5,0) | O6: 31.41 | P6: 35.42 | Q6: 21.85 | R6: 47.92 | S6: 28.75 | T6: =IF($C6="","",IF(ISNA(MATCH($C6,Comparativosimulacros!$E:$E,0)),"Falta en Comparativo","Sí está"))
A7: 601 | D7: Alcaraz Londoño Jean Pool | G7: 3.67 | H7: 3.5 | I7: 3.13 | J7: 3.38 | K7: 5 | L7: =Comparativosimulacros!M6 | N7: =ROUND(((O7*3+P7*3+Q7*3+R7*3+S7*1)/13)*5,0) | O7: 46.39 | P7: 44.72 | Q7: 39.5 | R7: 43.13 | S7: 62.29 | T7: =IF($C7="","",IF(ISNA(MATCH($C7,Comparativosimulacros!$E:$E,0)),"Falta en Comparativo","Sí está"))
A8: 601 | D8: Alcaraz Silva Cristian Kamilo | G8: 3.94 | H8: 3.5 | I8: 3.46 | J8: 1.88 | K8: 4.69 | L8: =Comparativosimulacros!M7 | N8: =ROUND(((O8*3+P8*3+Q8*3+R8*3+S8*1)/13)*5,0) | O8: 49.77 | P8: 44.72 | Q8: 43.7 | R8: 23.96 | S8: 57.5 | T8: =IF($C8="","",IF(ISNA(MATCH($C8,Comparativosimulacros!$E:$E,0)),"Falta en Comparativo","Sí está"))
A9: 601 | D9: Amaya Cadavid Mildrey Valentina | G9: 4.74 | H9: 5 | I9: 5 | J9: 4.88 | K9: 3.52 | L9: =Comparativosimulacros!M8 | N9: =ROUND(((O9*3+P9*3+Q9*3+R9*3+S9*1)/13)*5,0) | O9: 59.92 | P9: 65.83 | Q9: 63.45 | R9: 62.29 | S9: 43.13 | T9: =IF($C9="","",IF(ISNA(MATCH($C9,Comparativosimulacros!$E:$E,0)),"Falta en Comparativo","Sí está"))
A10: 601 | D10: Ballesteros Gómez María José | G10: 4.48 | H10: 2.53 | I10: 4.12 | J10: 3.38 | K10: 2.74 | L10: =Comparativosimulacros!M9 | N10: =ROUND(((O10*3+P10*3+Q10*3+R10*3+S10*1)/13)*5,0) | O10: 56.53 | P10: 32.36 | Q10: 52.1 | R10: 43.13 | S10: 33.54 | T10: =IF($C10="","",IF(ISNA(MATCH($C10,Comparativosimulacros!$E:$E,0)),"Falta en Comparativo","Sí está"))
A11: 601 | D11: Benítez Quintero Thomas | G11: 4.63 | H11: 3.35 | I11: 5 | J11: 5 | K11: 5 | L11: =Comparativosimulacros!M10 | N11: =ROUND(((O11*3+P11*3+Q11*3+R11*3+S11*1)/13)*5,0) | O11: 58.47 | P11: 42.78 | Q11: 72.27 | R11: 76.67 | S11: 76.67 | T11: =IF($C11="","",IF(ISNA(MATCH($C11,Comparativosimulacros!$E:$E,0)),"Falta en Comparativo","Sí está"))
A12: 601 | D12: Bertel Barrios Deiner Javier | G12: 3.83 | H12: 2.14 | I12: 2.39 | J12: 3.76 | K12: 3.91 | L12: =Comparativosimulacros!M11 | N12: =ROUND(((O12*3+P12*3+Q12*3+R12*3+S12*1)/13)*5,0) | O12: 48.32 | P12: 27.36 | Q12: 30.25 | R12: 47.92 | S12: 47.92 | T12: =IF($C12="","",IF(ISNA(MATCH($C12,Comparativosimulacros!$E:$E,0)),"Falta en Comparativo","Sí está"))
A13: 601 | D13: Bran David Dylan Emanuel | G13: 3.56 | H13: 3.26 | I13: 1 | J13: 3.76 | K13: 2.74 | L13: =Comparativosimulacros!M12 | N13: =ROUND(((O13*3+P13*3+Q13*3+R13*3+S13*1)/13)*5,0) | O13: 44.94 | P13: 41.67 | Q13: 11.76 | R13: 47.92 | S13: 33.54 | T13: =IF($C13="","",IF(ISNA(MATCH($C13,Comparativosimulacros!$E:$E,0)),"Falta en Comparativo","Sí está"))
A14: 601 | D14: Brand Meneses Isabella | G14: 2.64 | H14: 2.39 | I14: 1.96 | J14: 1.13 | K14: 4.69 | L14: =Comparativosimulacros!M13 | N14: =ROUND(((O14*3+P14*3+Q14*3+R14*3+S14*1)/13)*5,0) | O14: 33.34 | P14: 30.56 | Q14: 24.79 | R14: 14.38 | S14: 57.5 | T14: =IF($C14="","",IF(ISNA(MATCH($C14,Comparativosimulacros!$E:$E,0)),"Falta en Comparativo","Sí está"))
A15: 601 | D15: Carvajal Carvajal Milagros Valentina | G15: 3.33 | H15: 4.13 | I15: 4.92 | J15: 4.88 | K15: 3.52 | L15: =Comparativosimulacros!M14 | N15: =ROUND(((O15*3+P15*3+Q15*3+R15*3+S15*1)/13)*5,0) | O15: 42.04 | P15: 52.78 | Q15: 62.18 | R15: 62.29 | S15: 43.13 | T15: =IF($C15="","",IF(ISNA(MATCH($C15,Comparativosimulacros!$E:$E,0)),"Falta en Comparativo","Sí está"))
A16: 601 | D16: Carvajal Rodríguez Saray | G16: 3.44 | H16: 4.62 | I16: 5 | J16: 5 | K16: 4.69 | L16: =Comparativosimulacros!M15 | N16: =ROUND(((O16*3+P16*3+Q16*3+R16*3+S16*1)/13)*5,0) | O16: 43.49 | P16: 59.03 | Q16: 79.83 | R16: 67.08 | S16: 57.5 | T16: =IF($C16="","",IF(ISNA(MATCH($C16,Comparativosimulacros!$E:$E,0)),"Falta en Comparativo","Sí está"))
... A59: 602 | D59: Guzmán Alcaraz Tatiana | G59: 3.78 | H59: 3.47 | I59: 4.11 | J59: 3.42 | K59: 3.32 | L59: =Comparativosimulacros!M58 | N59: =ROUND(((O59*3+P59*3+Q59*3+R59*3+S59*1)/13)*5,0) | O59: 48.28 | P59: 47.92 | Q59: 56.3 | R59: 43.13 | S59: 43.13 | T59: =IF($C59="","",IF(ISNA(MATCH($C59,Comparativosimulacros!$E:$E,0)),"Falta en Comparativo","Sí está"))
A60: 602 | D60: Hernandez Gomez Jose Manuel | L60: =Comparativosimulacros!M59 | N60: =ROUND(((O60*3+P60*3+Q60*3+R60*3+S60*1)/13)*5,0) | O60: 33 | P60: 42 | Q60: 45 | R60: 63 | S60: 58 | T60: =IF($C60="","",IF(ISNA(MATCH($C60,Comparativosimulacros!$E:$E,0)),"Falta en Comparativo","Sí está"))
A61: 602 | D61: Holguin David Martina | G61: 2.79 | H61: 4.13 | I61: 2.76 | J61: 4.18 | K61: 3.69 | L61: =Comparativosimulacros!M60 | N61: =ROUND(((O61*3+P61*3+Q61*3+R61*3+S61*1)/13)*5,0) | O61: 35.65 | P61: 57.08 | Q61: 37.82 | R61: 52.71 | S61: 47.92 | T61: =IF($C61="","",IF(ISNA(MATCH($C61,Comparativosimulacros!$E:$E,0)),"Falta en Comparativo","Sí está"))
A62: 602 | D62: Holguin Granados Matias | G62: 1.34 | H62: 2.3 | I62: 2.33 | J62: 2.66 | K62: 3.69 | L62: =Comparativosimulacros!M61 | N62: =ROUND(((O62*3+P62*3+Q62*3+R62*3+S62*1)/13)*5,0) | O62: 17.12 | P62: 31.81 | Q62: 31.93 | R62: 33.54 | S62: 47.92 | T62: =IF($C62="","",IF(ISNA(MATCH($C62,Comparativosimulacros!$E:$E,0)),"Falta en Comparativo","Sí está"))
A63: 602 | D63: Holguín Bravo Iann Santiago | G63: 4.88 | H63: 5 | I63: 5 | J63: 5 | K63: 3.69 | L63: =Comparativosimulacros!M62 | N63: =ROUND(((O63*3+P63*3+Q63*3+R63*3+S63*1)/13)*5,0) | O63: 62.31 | P63: 77.08 | Q63: 79.83 | R63: 71.88 | S63: 47.92 | T63: =IF($C63="","",IF(ISNA(MATCH($C63,Comparativosimulacros!$E:$E,0)),"Falta en Comparativo","Sí está"))
A64: 602 | D64: Jurado Hurtado Juan José | G64: 4.52 | H64: 3.47 | I64: 3.19 | J64: 3.8 | K64: 3.69 | L64: =Comparativosimulacros!M63 | N64: =ROUND(((O64*3+P64*3+Q64*3+R64*3+S64*1)/13)*5,0) | O64: 57.82 | P64: 47.92 | Q64: 43.7 | R64: 47.92 | S64: 47.92 | T64: =IF($C64="","",IF(ISNA(MATCH($C64,Comparativosimulacros!$E:$E,0)),"Falta en Comparativo","Sí está"))
A65: 602 | D65: Lezcano Holguin Julian | G65: 3.78 | H65: 2.56 | I65: 3.37 | J65: 2.28 | K65: 1.11 | L65: =Comparativosimulacros!M64 | N65: =ROUND(((O65*3+P65*3+Q65*3+R65*3+S65*1)/13)*5,0) | O65: 48.28 | P65: 35.42 | Q65: 46.22 | R65: 28.75 | S65: 14.38 | T65: =IF($C65="","",IF(ISNA(MATCH($C65,Comparativosimulacros!$E:$E,0)),"Falta en Comparativo","Sí está"))
A66: 602 | D66: Lozano Villota Nicolas | G66: 3.4 | H66: 5 | I66: 4.75 | J66: 4.18 | K66: 5 | L66: =Comparativosimulacros!M65 | N66: =ROUND(((O66*3+P66*3+Q66*3+R66*3+S66*1)/13)*5,0) | O66: 43.51 | P66: 78.33 | Q66: 65.13 | R66: 52.71 | S66: 71.88 | T66: =IF($C66="","",IF(ISNA(MATCH($C66,Comparativosimulacros!$E:$E,0)),"Falta en Comparativo","Sí está"))
A67: 602 | D67: Madrid Sánchez Matías | G67: 3.54 | H67: 3.77 | I67: 4.54 | J67: 1.9 | K67: 3.69 | L67: =Comparativosimulacros!M66 | N67: =ROUND(((O67*3+P67*3+Q67*3+R67*3+S67*1)/13)*5,0) | O67: 45.19 | P67: 52.08 | Q67: 62.18 | R67: 23.96 | S67: 47.92 | T67: =IF($C67="","",IF(ISNA(MATCH($C67,Comparativosimulacros!$E:$E,0)),"Falta en Comparativo","Sí está"))
A68: 602 | D68: Moreno García Anthony | G68: 2.55 | H68: 2.89 | I68: 1.81 | J68: 3.04 | K68: 5 | L68: =Comparativosimulacros!M67 | N68: =ROUND(((O68*3+P68*3+Q68*3+R68*3+S68*1)/13)*5,0) | O68: 32.56 | P68: 39.86 | Q68: 24.79 | R68: 38.33 | S68: 71.88 | T68: =IF($C68="","",IF(ISNA(MATCH($C68,Comparativosimulacros!$E:$E,0)),"Falta en Comparativo","Sí está"))
A69: 602 | D69: Ortiz Moreno Gerónimo | G69: 1.93 | H69: 5 | I69: 3.28 | J69: 3.04 | K69: 5 | L69: =Comparativosimulacros!M68 | N69: =ROUND(((O69*3+P69*3+Q69*3+R69*3+S69*1)/13)*5,0) | O69: 24.71 | P69: 83.33 | Q69: 44.96 | R69: 38.33 | S69: 67.08 | T69: =IF($C69="","",IF(ISNA(MATCH($C69,Comparativosimulacros!$E:$E,0)),"Falta en Comparativo","Sí está"))
A70: 602 | D70: Panesso Jimenez Andres | G70: 4.52 | H70: 4.18 | I70: 4.44 | J70: 1.52 | K70: 4.06 | L70: =Comparativosimulacros!M69 | N70: =ROUND(((O70*3+P70*3+Q70*3+R70*3+S70*1)/13)*5,0) | O70: 57.82 | P70: 57.78 | Q70: 60.92 | R70: 19.17 | S70: 52.71 | T70: =IF($C70="","",IF(ISNA(MATCH($C70,Comparativosimulacros!$E:$E,0)),"Falta en Comparativo","Sí está"))
A71: 602 | D71: Perez Gonzalez Gabriel | G71: 3.18 | H71: 2.34 | I71: 3.49 | J71: 3.42 | K71: 3.32 | L71: =Comparativosimulacros!M70 | N71: =ROUND(((O71*3+P71*3+Q71*3+R71*3+S71*1)/13)*5,0) | O71: 40.69 | P71: 32.36 | Q71: 47.9 | R71: 43.13 | S71: 43.13 | T71: =IF($C71="","",IF(ISNA(MATCH($C71,Comparativosimulacros!$E:$E,0)),"Falta en Comparativo","Sí está"))
A72: 602 | D72: Perez Gutierrez Cristian | L72: =Comparativosimulacros!M71 | N72: =ROUND(((O72*3+P72*3+Q72*3+R72*3+S72*1)/13)*5,0) | O72: 45 | P72: 43 | Q72: 74 | R72: 54 | S72: 46 | T72: =IF($C72="","",IF(ISNA(MATCH($C72,Comparativosimulacros!$E:$E,0)),"Falta en Comparativo","Sí está"))
A73: 602 | D73: Pérez Valencia Miguel Ángel | G73: 5 | H73: 4.27 | I73: 4.44 | J73: 4.95 | K73: 5 | L73: =Comparativosimulacros!M72 | N73: =ROUND(((O73*3+P73*3+Q73*3+R73*3+S73*1)/13)*5,0) | O73: 67.08 | P73: 59.03 | Q73: 60.92 | R73: 62.29 | S73: 71.88 | T73: =IF($C73="","",IF(ISNA(MATCH($C73,Comparativosimulacros!$E:$E,0)),"Falta en Comparativo","Sí está"))
A74: 602 | D74: Salas Arcila Salome | G74: 2.57 | H74: 2.42 | I74: 4.23 | J74: 2.66 | K74: 2.21 | L74: =Comparativosimulacros!M73 | N74: =ROUND(((O74*3+P74*3+Q74*3+R74*3+S74*1)/13)*5,0) | O74: 32.84 | P74: 33.47 | Q74: 57.98 | R74: 33.54 | S74: 28.75 | T74: =IF($C74="","",IF(ISNA(MATCH($C74,Comparativosimulacros!$E:$E,0)),"Falta en Comparativo","Sí está"))
A75: 602 | D75: Valencia Holguín Mariángel | G75: 3.29 | H75: 2.64 | I75: 2.42 | J75: 2.28 | K75: 2.58 | L75: =Comparativosimulacros!M74 | N75: =ROUND(((O75*3+P75*3+Q75*3+R75*3+S75*1)/13)*5,0) | O75: 42.1 | P75: 36.53 | Q75: 33.19 | R75: 28.75 | S75: 33.54 | T75: =IF($C75="","",IF(ISNA(MATCH($C75,Comparativosimulacros!$E:$E,0)),"Falta en Comparativo","Sí está"))
A76: 602 | D76: Vidales Silva Johan Stiven | G76: 3.29 | H76: 2.43 | I76: 1.47 | J76: 3.42 | K76: 4.43 | L76: =Comparativosimulacros!M75 | N76: =ROUND(((O76*3+P76*3+Q76*3+R76*3+S76*1)/13)*5,0) | O76: 42.1 | P76: 33.61 | Q76: 20.17 | R76: 43.13 | S76: 57.5 | T76: =IF($C76="","",IF(ISNA(MATCH($C76,Comparativosimulacros!$E:$E,0)),"Falta en Comparativo","Sí está"))
A77: 602 | D77: Villa Goez Maria Salome | G77: 3.29 | H77: 2.7 | I77: 4.44 | J77: 3.8 | K77: 1.48 | L77: =Comparativosimulacros!M76 | N77: =ROUND(((O77*3+P77*3+Q77*3+R77*3+S77*1)/13)*5,0) | O77: 42.1 | P77: 37.36 | Q77: 60.92 | R77: 47.92 | S77: 19.17 | T77: =IF($C77="","",IF(ISNA(MATCH($C77,Comparativosimulacros!$E:$E,0)),"Falta en Comparativo","Sí está"))
A78: 602 | D78: Villa Molina José Manuel | G78: 2.44 | H78: 2.34 | I78: 1.99 | J78: 3.8 | K78: 2.58 | L78: =Comparativosimulacros!M77 | N78: =ROUND(((O78*3+P78*3+Q78*3+R78*3+S78*1)/13)*5,0) | O78: 31.16 | P78: 32.36 | Q78: 27.31 | R78: 47.92 | S78: 33.54 | T78: =IF($C78="","",IF(ISNA(MATCH($C78,Comparativosimulacros!$E:$E,0)),"Falta en Comparativo","Sí está"))
A79: 602 | D79: Villegas Chaverra Eilyn Marín | G79: 4.74 | H79: 2.93 | I79: 5 | J79: 3.8 | K79: 2.58 | L79: =Comparativosimulacros!M78 | N79: =ROUND(((O79*3+P79*3+Q79*3+R79*3+S79*1)/13)*5,0) | O79: 60.63 | P79: 40.42 | Q79: 76.89 | R79: 47.92 | S79: 33.54 | T79: =IF($C79="","",IF(ISNA(MATCH($C79,Comparativosimulacros!$E:$E,0)),"Falta en Comparativo","Sí está"))
A80: 603 | D80: Aguinaga Ruiz Valentina | G80: 4.9 | H80: 5 | I80: 4.6 | J80: 5 | K80: 4.85 | L80: =Comparativosimulacros!M79 | N80: =ROUND(((O80*3+P80*3+Q80*3+R80*3+S80*1)/13)*5,0) | O80: 61.97 | P80: 67.08 | Q80: 59.24 | R80: 67.08 | S80: 59.58 | T80: =IF($C80="","",IF(ISNA(MATCH($C80,Comparativosimulacros!$E:$E,0)),"Falta en Comparativo","Sí está"))
A81: 603 | D81: Amasará Ramírez Matías | G81: 4.53 | H81: 2.8 | I81: 4.04 | J81: 3.32 | K81: 3.52 | L81: =Comparativosimulacros!M80 | N81: =ROUND(((O81*3+P81*3+Q81*3+R81*3+S81*1)/13)*5,0) | O81: 57.25 | P81: 36.04 | Q81: 52.1 | R81: 43.13 | S81: 43.33 | T81: =IF($C81="","",IF(ISNA(MATCH($C81,Comparativosimulacros!$E:$E,0)),"Falta en Comparativo","Sí está"))
A82: 603 | D82: Bermudez Bran Jonas | G82: 2.58 | H82: 1.18 | I82: 2.15 | J82: 4.05 | K82: 3.97 | L82: =Comparativosimulacros!M81 | N82: =ROUND(((O82*3+P82*3+Q82*3+R82*3+S82*1)/13)*5,0) | O82: 32.61 | P82: 15.21 | Q82: 27.73 | R82: 52.71 | S82: 48.75 | T82: =IF($C82="","",IF(ISNA(MATCH($C82,Comparativosimulacros!$E:$E,0)),"Falta en Comparativo","Sí está"))
A83: 603 | D83: Bran Quiroz Paulina | G83: 4.9 | H83: 3.83 | I83: 4.86 | J83: 4.42 | K83: 4.41 | L83: =Comparativosimulacros!M82 | N83: =ROUND(((O83*3+P83*3+Q83*3+R83*3+S83*1)/13)*5,0) | O83: 61.97 | P83: 49.17 | Q83: 62.61 | R83: 57.5 | S83: 54.17 | T83: =IF($C83="","",IF(ISNA(MATCH($C83,Comparativosimulacros!$E:$E,0)),"Falta en Comparativo","Sí está"))
A84: 603 | D84: Carrasquilla Diaz Emanuel | G84: 1.56 | H84: 3.24 | I84: 2.58 | J84: 3.32 | K84: 3.97 | L84: =Comparativosimulacros!M83 | N84: =ROUND(((O84*3+P84*3+Q84*3+R84*3+S84*1)/13)*5,0) | O84: 19.66 | P84: 41.67 | Q84: 33.19 | R84: 43.13 | S84: 48.75 | T84: =IF($C84="","",IF(ISNA(MATCH($C84,Comparativosimulacros!$E:$E,0)),"Falta en Comparativo","Sí está"))
... A88: 603 | D88: Escobar Berrio Susana | G88: 3.23 | H88: 2.16 | I88: 4.27 | J88: 3.32 | K88: 3.52 | L88: =Comparativosimulacros!M87 | N88: =ROUND(((O88*3+P88*3+Q88*3+R88*3+S88*1)/13)*5,0) | O88: 40.82 | P88: 27.71 | Q88: 55.04 | R88: 43.13 | S88: 43.33 | T88: =IF($C88="","",IF(ISNA(MATCH($C88,Comparativosimulacros!$E:$E,0)),"Falta en Comparativo","Sí está"))
A89: 603 | D89: Febres Chaparro Santiago David | L89: =Comparativosimulacros!M88 | N89: =ROUND(((O89*3+P89*3+Q89*3+R89*3+S89*1)/13)*5,0) | O89: 64 | P89: 51 | Q89: 77 | R89: 79 | S89: 42 | T89: =IF($C89="","",IF(ISNA(MATCH($C89,Comparativosimulacros!$E:$E,0)),"Falta en Comparativo","Sí está"))
A90: 603 | D90: Gonzalez Bedoya Juan Sebastián | G90: 5 | H90: 4.3 | I90: 5 | J90: 4.79 | K90: 5 | L90: =Comparativosimulacros!M89 | N90: =ROUND(((O90*3+P90*3+Q90*3+R90*3+S90*1)/13)*5,0) | O90: 81.64 | P90: 55.21 | Q90: 73.95 | R90: 62.29 | S90: 65 | T90: =IF($C90="","",IF(ISNA(MATCH($C90,Comparativosimulacros!$E:$E,0)),"Falta en Comparativo","Sí está"))
A91: 603 | D91: González Cartagena Mateo | G91: 1.54 | H91: 2.19 | I91: 1.47 | J91: 2.95 | K91: 2.2 | L91: =Comparativosimulacros!M90 | N91: =ROUND(((O91*3+P91*3+Q91*3+R91*3+S91*1)/13)*5,0) | O91: 19.41 | P91: 28.13 | Q91: 18.91 | R91: 38.33 | S91: 27.08 | T91: =IF($C91="","",IF(ISNA(MATCH($C91,Comparativosimulacros!$E:$E,0)),"Falta en Comparativo","Sí está"))
A92: 603 | D92: González Zapata Jonathan Alejandro | G92: 3.86 | H92: 5 | I92: 4.5 | J92: 4.05 | K92: 3.97 | L92: =Comparativosimulacros!M91 | N92: =ROUND(((O92*3+P92*3+Q92*3+R92*3+S92*1)/13)*5,0) | O92: 48.78 | P92: 69.38 | Q92: 57.98 | R92: 52.71 | S92: 48.75 | T92: =IF($C92="","",IF(ISNA(MATCH($C92,Comparativosimulacros!$E:$E,0)),"Falta en Comparativo","Sí está"))
A93: 603 | D93: Guevara Montes Bhianka Juliethe | G93: 3.88 | H93: 2.33 | I93: 1.37 | J93: 3.32 | K93: 3.08 | L93: =Comparativosimulacros!M92 | N93: =ROUND(((O93*3+P93*3+Q93*3+R93*3+S93*1)/13)*5,0) | O93: 49.03 | P93: 30 | Q93: 17.65 | R93: 43.13 | S93: 37.92 | T93: =IF($C93="","",IF(ISNA(MATCH($C93,Comparativosimulacros!$E:$E,0)),"Falta en Comparativo","Sí está"))
A94: 603 | D94: Guisao Higuita Guadalupe | G94: 4.25 | H94: 3.4 | I94: 3.03 | J94: 2.58 | K94: 2.64 | L94: =Comparativosimulacros!M93 | N94: =ROUND(((O94*3+P94*3+Q94*3+R94*3+S94*1)/13)*5,0) | O94: 53.76 | P94: 43.75 | Q94: 39.08 | R94: 33.54 | S94: 32.5 | T94: =IF($C94="","",IF(ISNA(MATCH($C94,Comparativosimulacros!$E:$E,0)),"Falta en Comparativo","Sí está"))
A95: 603 | D95: Henao Arteaga Emiliano | G95: 3.23 | H95: 3.58 | I95: 4.82 | J95: 2.95 | K95: 2.64 | L95: =Comparativosimulacros!M94 | N95: =ROUND(((O95*3+P95*3+Q95*3+R95*3+S95*1)/13)*5,0) | O95: 40.82 | P95: 46.04 | Q95: 62.18 | R95: 38.33 | S95: 32.5 | T95: =IF($C95="","",IF(ISNA(MATCH($C95,Comparativosimulacros!$E:$E,0)),"Falta en Comparativo","Sí está"))
A96: 603 | D96: Hernández Castrillón Estefanía | G96: 1.54 | H96: 2.27 | I96: 3.36 | J96: 2.95 | K96: 2.64 | L96: =Comparativosimulacros!M95 | N96: =ROUND(((O96*3+P96*3+Q96*3+R96*3+S96*1)/13)*5,0) | O96: 19.41 | P96: 29.17 | Q96: 43.28 | R96: 38.33 | S96: 32.5 | T96: =IF($C96="","",IF(ISNA(MATCH($C96,Comparativosimulacros!$E:$E,0)),"Falta en Comparativo","Sí está"))
A97: 603 | D97: Hernández Urrego Sofia | G97: 3.86 | H97: 4.15 | I97: 4.4 | J97: 4.05 | K97: 3.52 | L97: =Comparativosimulacros!M96 | N97: =ROUND(((O97*3+P97*3+Q97*3+R97*3+S97*1)/13)*5,0) | O97: 48.78 | P97: 53.33 | Q97: 56.72 | R97: 52.71 | S97: 43.33 | T97: =IF($C97="","",IF(ISNA(MATCH($C97,Comparativosimulacros!$E:$E,0)),"Falta en Comparativo","Sí está"))
A98: 603 | D98: Holguín Amasará Josell Andrés | G98: 1.81 | H98: 1.78 | I98: 2.25 | J98: 3.68 | K98: 3.08 | L98: =Comparativosimulacros!M97 | N98: =ROUND(((O98*3+P98*3+Q98*3+R98*3+S98*1)/13)*5,0) | O98: 22.9 | P98: 22.92 | Q98: 28.99 | R98: 47.92 | S98: 37.92 | T98: =IF($C98="","",IF(ISNA(MATCH($C98,Comparativosimulacros!$E:$E,0)),"Falta en Comparativo","Sí está"))
A99: 603 | D99: Hoyos Urrego Emilano | G99: 4.9 | H99: 4.39 | I99: 2.93 | J99: 4.79 | K99: 4.85 | L99: =Comparativosimulacros!M98 | N99: =ROUND(((O99*3+P99*3+Q99*3+R99*3+S99*1)/13)*5,0) | O99: 61.97 | P99: 56.46 | Q99: 37.82 | R99: 62.29 | S99: 59.58 | T99: =IF($C99="","",IF(ISNA(MATCH($C99,Comparativosimulacros!$E:$E,0)),"Falta en Comparativo","Sí está"))
A100: 603 | D100: Jaramillo Medina Abiatar | G100: 3.09 | H100: 1 | I100: 2.02 | J100: 2.58 | K100: 3.52 | L100: =Comparativosimulacros!M99 | N100: =ROUND(((O100*3+P100*3+Q100*3+R100*3+S100*1)/13)*5,0) | O100: 39.08 | P100: 11.46 | Q100: 26.05 | R100: 33.54 | S100: 43.33 | T100: =IF($C100="","",IF(ISNA(MATCH($C100,Comparativosimulacros!$E:$E,0)),"Falta en Comparativo","Sí está"))
A101: 603 | D101: Londoño García Luciana | G101: 3.6 | H101: 2.08 | I101: 3.26 | J101: 3.32 | K101: 2.64 | L101: =Comparativosimulacros!M100 | N101: =ROUND(((O101*3+P101*3+Q101*3+R101*3+S101*1)/13)*5,0) | O101: 45.55 | P101: 26.67 | Q101: 42.02 | R101: 43.13 | S101: 32.5 | T101: =IF($C101="","",IF(ISNA(MATCH($C101,Comparativosimulacros!$E:$E,0)),"Falta en Comparativo","Sí está"))
A102: 603 | D102: Lopez Amazara Salome | L102: =Comparativosimulacros!M101 | N102: =ROUND(((O102*3+P102*3+Q102*3+R102*3+S102*1)/13)*5,0) | O102: 39 | P102: 40 | Q102: 50 | R102: 21 | S102: 58 | T102: =IF($C102="","",IF(ISNA(MATCH($C102,Comparativosimulacros!$E:$E,0)),"Falta en Comparativo","Sí está"))
A103: 603 | D103: López Peralta Santiago | G103: 4.25 | H103: 4.57 | I103: 5 | J103: 4.42 | K103: 4.41 | L103: =Comparativosimulacros!M102 | N103: =ROUND(((O103*3+P103*3+Q103*3+R103*3+S103*1)/13)*5,0) | O103: 53.76 | P103: 58.75 | Q103: 71.01 | R103: 57.5 | S103: 54.17 | T103: =IF($C103="","",IF(ISNA(MATCH($C103,Comparativosimulacros!$E:$E,0)),"Falta en Comparativo","Sí está"))
A104: 603 | D104: Martínez Durango Juan José | G104: 3.47 | H104: 4.88 | I104: 3.36 | J104: 5 | K104: 2.64 | L104: =Comparativosimulacros!M103 | N104: =ROUND(((O104*3+P104*3+Q104*3+R104*3+S104*1)/13)*5,0) | O104: 43.8 | P104: 62.71 | Q104: 43.28 | R104: 67.08 | S104: 32.5 | T104: =IF($C104="","",IF(ISNA(MATCH($C104,Comparativosimulacros!$E:$E,0)),"Falta en Comparativo","Sí está"))
A105: 603 | D105: Martínez Tarazona Camila Valentina | G105: 2.84 | H105: 3.94 | I105: 4.37 | J105: 3.32 | K105: 3.52 | L105: =Comparativosimulacros!M104 | N105: =ROUND(((O105*3+P105*3+Q105*3+R105*3+S105*1)/13)*5,0) | O105: 35.84 | P105: 50.63 | Q105: 56.3 | R105: 43.13 | S105: 43.33 | T105: =IF($C105="","",IF(ISNA(MATCH($C105,Comparativosimulacros!$E:$E,0)),"Falta en Comparativo","Sí está"))
A106: 603 | D106: Meneses Guerrero Matías | G106: 5 | H106: 2.33 | I106: 2.25 | J106: 1.84 | K106: 3.52 | L106: =Comparativosimulacros!M105 | N106: =ROUND(((O106*3+P106*3+Q106*3+R106*3+S106*1)/13)*5,0) | O106: 71.93 | P106: 30 | Q106: 28.99 | R106: 23.96 | S106: 43.33 | T106: =IF($C106="","",IF(ISNA(MATCH($C106,Comparativosimulacros!$E:$E,0)),"Falta en Comparativo","Sí está"))
A107: 603 | D107: Nuno Pineda Gustavo | G107: 2.84 | H107: 4.59 | I107: 4.73 | J107: 2.58 | K107: 4.85 | L107: =Comparativosimulacros!M106 | N107: =ROUND(((O107*3+P107*3+Q107*3+R107*3+S107*1)/13)*5,0) | O107: 35.84 | P107: 58.96 | Q107: 60.92 | R107: 33.54 | S107: 59.58 | T107: =IF($C107="","",IF(ISNA(MATCH($C107,Comparativosimulacros!$E:$E,0)),"Falta en Comparativo","Sí está"))
A108: 603 | D108: Oviedo Ruiz Salome | G108: 1.93 | H108: 2.93 | I108: 3.26 | J108: 2.95 | K108: 1.76 | L108: =Comparativosimulacros!M107 | N108: =ROUND(((O108*3+P108*3+Q108*3+R108*3+S108*1)/13)*5,0) | O108: 24.39 | P108: 37.71 | Q108: 42.02 | R108: 38.33 | S108: 21.67 | T108: =IF($C108="","",IF(ISNA(MATCH($C108,Comparativosimulacros!$E:$E,0)),"Falta en Comparativo","Sí está"))
A109: 603 | D109: Quintero Vélez Gerónimo | G109: 1.81 | H109: 2.53 | I109: 3.13 | J109: 2.95 | K109: 2.2 | L109: =Comparativosimulacros!M108 | N109: =ROUND(((O109*3+P109*3+Q109*3+R109*3+S109*1)/13)*5,0) | O109: 22.9 | P109: 32.5 | Q109: 40.34 | R109: 38.33 | S109: 27.08 | T109: =IF($C109="","",IF(ISNA(MATCH($C109,Comparativosimulacros!$E:$E,0)),"Falta en Comparativo","Sí está"))
A110: 603 | D110: Quiroz Garces Michell Dahiana | G110: 2.7 | H110: 5 | I110: 1.56 | J110: 2.95 | K110: 4.85 | L110: =Comparativosimulacros!M109 | N110: =ROUND(((O110*3+P110*3+Q110*3+R110*3+S110*1)/13)*5,0) | O110: 34.1 | P110: 72.5 | Q110: 20.17 | R110: 38.33 | S110: 59.58 | T110: =IF($C110="","",IF(ISNA(MATCH($C110,Comparativosimulacros!$E:$E,0)),"Falta en Comparativo","Sí está"))
A111: 603 | D111: Rodríguez Campo Mariángel | G111: 2.58 | H111: 3.34 | I111: 2.25 | J111: 1.84 | K111: 1.76 | L111: =Comparativosimulacros!M110 | N111: =ROUND(((O111*3+P111*3+Q111*3+R111*3+S111*1)/13)*5,0) | O111: 32.61 | P111: 42.92 | Q111: 28.99 | R111: 23.96 | S111: 21.67 | T111: =IF($C111="","",IF(ISNA(MATCH($C111,Comparativosimulacros!$E:$E,0)),"Falta en Comparativo","Sí está"))
A112: 603 | D112: Roldan Puerta Andrés Felipe | G112: 2.58 | H112: 3.74 | I112: 3.03 | J112: 3.32 | K112: 4.85 | L112: =Comparativosimulacros!M111 | N112: =ROUND(((O112*3+P112*3+Q112*3+R112*3+S112*1)/13)*5,0) | O112: 32.61 | P112: 48.13 | Q112: 39.08 | R112: 43.13 | S112: 59.58 | T112: =IF($C112="","",IF(ISNA(MATCH($C112,Comparativosimulacros!$E:$E,0)),"Falta en Comparativo","Sí está"))
A113: 603 | D113: Sarrazola García Juan Andrés | G113: 3.6 | H113: 3.74 | I113: 4.82 | J113: 4.42 | K113: 3.97 | L113: =Comparativosimulacros!M112 | N113: =ROUND(((O113*3+P113*3+Q113*3+R113*3+S113*1)/13)*5,0) | O113: 45.55 | P113: 48.13 | Q113: 62.18 | R113: 57.5 | S113: 48.75 | T113: =IF($C113="","",IF(ISNA(MATCH($C113,Comparativosimulacros!$E:$E,0)),"Falta en Comparativo","Sí está"))
A114: 603 | D114: Valdez Delgado Juan Esteban | G114: 2.97 | H114: 3.63 | I114: 1.24 | J114: 1.84 | K114: 1.76 | L114: =Comparativosimulacros!M113 | N114: =ROUND(((O114*3+P114*3+Q114*3+R114*3+S114*1)/13)*5,0) | O114: 37.58 | P114: 46.67 | Q114: 15.97 | R114: 23.96 | S114: 21.67 | T114: =IF($C114="","",IF(ISNA(MATCH($C114,Comparativosimulacros!$E:$E,0)),"Falta en Comparativo","Sí está"))
... A143: 604 | D143: Ramírez Restrepo Jhon Alex | G143: 3.09 | H143: 2.7 | I143: 4.33 | J143: 2.87 | K143: 4.39 | L143: =Comparativosimulacros!M142 | N143: =ROUND(((O143*3+P143*3+Q143*3+R143*3+S143*1)/13)*5,0) | O143: 38.34 | P143: 34.72 | Q143: 55.92 | R143: 35 | S143: 55 | T143: =IF($C143="","",IF(ISNA(MATCH($C143,Comparativosimulacros!$E:$E,0)),"Falta en Comparativo","Sí está"))
A144: 604 | D144: Restrepo Santana Jerson Esteban | L144: =Comparativosimulacros!M143 | N144: =ROUND(((O144*3+P144*3+Q144*3+R144*3+S144*1)/13)*5,0) | O144: 51 | P144: 57 | Q144: 43 | R144: 54 | S144: 58 | T144: =IF($C144="","",IF(ISNA(MATCH($C144,Comparativosimulacros!$E:$E,0)),"Falta en Comparativo","Sí está"))
A145: 604 | D145: Rivero Blanco Breinel José | G145: 3.21 | H145: 1.89 | I145: 2.58 | J145: 3.69 | K145: 2.39 | L145: =Comparativosimulacros!M144 | N145: =ROUND(((O145*3+P145*3+Q145*3+R145*3+S145*1)/13)*5,0) | O145: 39.92 | P145: 24.31 | Q145: 33.36 | R145: 45 | S145: 30 | T145: =IF($C145="","",IF(ISNA(MATCH($C145,Comparativosimulacros!$E:$E,0)),"Falta en Comparativo","Sí está"))
A146: 604 | D146: Rodríguez Passos Wendy Gimena | G146: 3.76 | H146: 3.88 | I146: 3.42 | J146: 4.1 | K146: 1.59 | L146: =Comparativosimulacros!M145 | N146: =ROUND(((O146*3+P146*3+Q146*3+R146*3+S146*1)/13)*5,0) | O146: 46.74 | P146: 49.86 | Q146: 44.16 | R146: 50 | S146: 20 | T146: =IF($C146="","",IF(ISNA(MATCH($C146,Comparativosimulacros!$E:$E,0)),"Falta en Comparativo","Sí está"))
A147: 604 | D147: Sanchez Padilla Jean Paul | G147: 5 | H147: 3.78 | I147: 3.27 | J147: 2.46 | K147: 2.79 | L147: =Comparativosimulacros!M146 | N147: =ROUND(((O147*3+P147*3+Q147*3+R147*3+S147*1)/13)*5,0) | O147: 74.05 | P147: 48.54 | Q147: 42.18 | R147: 30 | S147: 35 | T147: =IF($C147="","",IF(ISNA(MATCH($C147,Comparativosimulacros!$E:$E,0)),"Falta en Comparativo","Sí está"))
A148: 604 | D148: Silva Arenas Samuel Antony | G148: 4.52 | H148: 3.27 | I148: 4.48 | J148: 5 | K148: 2.79 | L148: =Comparativosimulacros!M147 | N148: =ROUND(((O148*3+P148*3+Q148*3+R148*3+S148*1)/13)*5,0) | O148: 56.2 | P148: 42.01 | Q148: 57.9 | R148: 70 | S148: 35 | T148: =IF($C148="","",IF(ISNA(MATCH($C148,Comparativosimulacros!$E:$E,0)),"Falta en Comparativo","Sí está"))
A149: 604 | D149: Silva Ramírez Dilan Smich | G149: 3.38 | H149: 5 | I149: 4.33 | J149: 4.1 | K149: 4.39 | L149: =Comparativosimulacros!M148 | N149: =ROUND(((O149*3+P149*3+Q149*3+R149*3+S149*1)/13)*5,0) | O149: 42.02 | P149: 71.32 | Q149: 55.92 | R149: 50 | S149: 55 | T149: =IF($C149="","",IF(ISNA(MATCH($C149,Comparativosimulacros!$E:$E,0)),"Falta en Comparativo","Sí está"))
A150: 604 | D150: Uribe Quintero Sofia | G150: 2.79 | H150: 4.19 | I150: 4.1 | J150: 3.28 | K150: 2.79 | L150: =Comparativosimulacros!M149 | N150: =ROUND(((O150*3+P150*3+Q150*3+R150*3+S150*1)/13)*5,0) | O150: 34.66 | P150: 53.82 | Q150: 52.98 | R150: 40 | S150: 35 | T150: =IF($C150="","",IF(ISNA(MATCH($C150,Comparativosimulacros!$E:$E,0)),"Falta en Comparativo","Sí está"))
A151: 604 | D151: Urrego Martinez Dayra Xiomara | G151: 3.8 | H151: 4.19 | I151: 5 | J151: 4.93 | K151: 3.99 | L151: =Comparativosimulacros!M150 | N151: =ROUND(((O151*3+P151*3+Q151*3+R151*3+S151*1)/13)*5,0) | O151: 47.27 | P151: 53.82 | Q151: 74.58 | R151: 60 | S151: 50 | T151: =IF($C151="","",IF(ISNA(MATCH($C151,Comparativosimulacros!$E:$E,0)),"Falta en Comparativo","Sí está"))
A152: 604 | D152: Vallejo Zapata Jerónimo | G152: 2.49 | H152: 1.83 | I152: 4.71 | J152: 5 | K152: 2.39 | L152: =Comparativosimulacros!M151 | N152: =ROUND(((O152*3+P152*3+Q152*3+R152*3+S152*1)/13)*5,0) | O152: 30.99 | P152: 23.47 | Q152: 60.84 | R152: 65 | S152: 30 | T152: =IF($C152="","",IF(ISNA(MATCH($C152,Comparativosimulacros!$E:$E,0)),"Falta en Comparativo","Sí está"))
A153: 604 | D153: Zapata Graciano Kevin Stiven | G153: 3.51 | H153: 1.9 | I153: 2.2 | J153: 3.28 | K153: 3.59 | L153: =Comparativosimulacros!M152 | N153: =ROUND(((O153*3+P153*3+Q153*3+R153*3+S153*1)/13)*5,0) | O153: 43.59 | P153: 24.44 | Q153: 28.45 | R153: 40 | S153: 45 | T153: =IF($C153="","",IF(ISNA(MATCH($C153,Comparativosimulacros!$E:$E,0)),"Falta en Comparativo","Sí está"))
A154: 604 | D154: Zapata Parra Mateo | G154: 4.65 | H154: 4.02 | I154: 4.1 | J154: 4.51 | K154: 3.59 | L154: =Comparativosimulacros!M153 | N154: =ROUND(((O154*3+P154*3+Q154*3+R154*3+S154*1)/13)*5,0) | O154: 57.77 | P154: 51.67 | Q154: 52.98 | R154: 55 | S154: 45 | T154: =IF($C154="","",IF(ISNA(MATCH($C154,Comparativosimulacros!$E:$E,0)),"Falta en Comparativo","Sí está"))
A155: 605 | D155: Baron Hernandez Sebastian | G155: 3.52 | H155: 3.3 | I155: 1.94 | J155: 2.3 | K155: 4.45 | L155: =Comparativosimulacros!M154 | N155: =ROUND(((O155*3+P155*3+Q155*3+R155*3+S155*1)/13)*5,0) | O155: 43.36 | P155: 43.53 | Q155: 26.05 | R155: 28.75 | S155: 54.17 | T155: =IF($C155="","",IF(ISNA(MATCH($C155,Comparativosimulacros!$E:$E,0)),"Falta en Comparativo","Sí está"))
A156: 605 | D156: Benítez Luciana | G156: 2.13 | H156: 3.86 | I156: 3.79 | J156: 3.84 | K156: 2.23 | L156: =Comparativosimulacros!M155 | N156: =ROUND(((O156*3+P156*3+Q156*3+R156*3+S156*1)/13)*5,0) | O156: 26.22 | P156: 51.03 | Q156: 50.84 | R156: 47.92 | S156: 27.08 | T156: =IF($C156="","",IF(ISNA(MATCH($C156,Comparativosimulacros!$E:$E,0)),"Falta en Comparativo","Sí está"))
... A161: 605 | D161: Espinosa Carvajal Guadalupe | G161: 5 | H161: 3.53 | I161: 2.29 | J161: 4.22 | K161: 3.12 | L161: =Comparativosimulacros!M160 | N161: =ROUND(((O161*3+P161*3+Q161*3+R161*3+S161*1)/13)*5,0) | O161: 69.58 | P161: 46.61 | Q161: 30.67 | R161: 52.71 | S161: 37.92 | T161: =IF($C161="","",IF(ISNA(MATCH($C161,Comparativosimulacros!$E:$E,0)),"Falta en Comparativo","Sí está"))
A162: 605 | D162: Galindo Cano Luis Fernando | L162: =Comparativosimulacros!M161 | N162: =ROUND(((O162*3+P162*3+Q162*3+R162*3+S162*1)/13)*5,0) | O162: 39 | P162: 46 | Q162: 39 | R162: 31 | S162: 71 | T162: =IF($C162="","",IF(ISNA(MATCH($C162,Comparativosimulacros!$E:$E,0)),"Falta en Comparativo","Sí está"))
A163: 605 | D163: Guisao Suarez Luis Stiven | G163: 2.54 | H163: 5 | I163: 3.35 | J163: 4.22 | K163: 4.9 | L163: =Comparativosimulacros!M162 | N163: =ROUND(((O163*3+P163*3+Q163*3+R163*3+S163*1)/13)*5,0) | O163: 31.26 | P163: 80.39 | Q163: 44.96 | R163: 52.71 | S163: 59.58 | T163: =IF($C163="","",IF(ISNA(MATCH($C163,Comparativosimulacros!$E:$E,0)),"Falta en Comparativo","Sí está"))
A164: 605 | D164: Gutierrez Cruz Emiliano | G164: 4.38 | H164: 5 | I164: 4.45 | J164: 4.61 | K164: 3.56 | L164: =Comparativosimulacros!M163 | N164: =ROUND(((O164*3+P164*3+Q164*3+R164*3+S164*1)/13)*5,0) | O164: 53.95 | P164: 76.22 | Q164: 59.66 | R164: 57.5 | S164: 43.33 | T164: =IF($C164="","",IF(ISNA(MATCH($C164,Comparativosimulacros!$E:$E,0)),"Falta en Comparativo","Sí está"))
A165: 605 | D165: Hidalgo Martínez María Guadalupe | G165: 4.79 | H165: 5 | I165: 5 | J165: 3.84 | K165: 5 | L165: =Comparativosimulacros!M164 | N165: =ROUND(((O165*3+P165*3+Q165*3+R165*3+S165*1)/13)*5,0) | O165: 58.99 | P165: 78.17 | Q165: 71.01 | R165: 47.92 | S165: 70.42 | T165: =IF($C165="","",IF(ISNA(MATCH($C165,Comparativosimulacros!$E:$E,0)),"Falta en Comparativo","Sí está"))
A166: 605 | D166: Jaramillo Ramírez Mariángel | G166: 2.37 | H166: 1.55 | I166: 3.57 | J166: 2.3 | K166: 2.67 | L166: =Comparativosimulacros!M165 | N166: =ROUND(((O166*3+P166*3+Q166*3+R166*3+S166*1)/13)*5,0) | O166: 29.24 | P166: 20.42 | Q166: 47.9 | R166: 28.75 | S166: 32.5 | T166: =IF($C166="","",IF(ISNA(MATCH($C166,Comparativosimulacros!$E:$E,0)),"Falta en Comparativo","Sí está"))
A167: 605 | D167: Loaiza Diez Maylin | G167: 1.72 | H167: 3.99 | I167: 4.11 | J167: 3.84 | K167: 4.01 | L167: =Comparativosimulacros!M166 | N167: =ROUND(((O167*3+P167*3+Q167*3+R167*3+S167*1)/13)*5,0) | O167: 21.18 | P167: 52.72 | Q167: 55.04 | R167: 47.92 | S167: 48.75 | T167: =IF($C167="","",IF(ISNA(MATCH($C167,Comparativosimulacros!$E:$E,0)),"Falta en Comparativo","Sí está"))
A168: 605 | D168: Lopera Galeano Miguel Angel | G168: 2.7 | H168: 4 | I168: 2.92 | J168: 3.46 | K168: 3.12 | L168: =Comparativosimulacros!M167 | N168: =ROUND(((O168*3+P168*3+Q168*3+R168*3+S168*1)/13)*5,0) | O168: 33.28 | P168: 52.83 | Q168: 39.08 | R168: 43.13 | S168: 37.92 | T168: =IF($C168="","",IF(ISNA(MATCH($C168,Comparativosimulacros!$E:$E,0)),"Falta en Comparativo","Sí está"))
A169: 605 | D169: López Rodríguez Matías | G169: 4.79 | H169: 1.07 | I169: 1.94 | J169: 3.46 | K169: 2.67 | L169: =Comparativosimulacros!M168 | N169: =ROUND(((O169*3+P169*3+Q169*3+R169*3+S169*1)/13)*5,0) | O169: 58.99 | P169: 14.17 | Q169: 26.05 | R169: 43.13 | S169: 32.5 | T169: =IF($C169="","",IF(ISNA(MATCH($C169,Comparativosimulacros!$E:$E,0)),"Falta en Comparativo","Sí está"))
A170: 605 | D170: López Zapata Emmily Jinet | G170: 2.54 | H170: 1.63 | I170: 4.11 | J170: 4.61 | K170: 3.12 | L170: =Comparativosimulacros!M169 | N170: =ROUND(((O170*3+P170*3+Q170*3+R170*3+S170*1)/13)*5,0) | O170: 31.26 | P170: 21.56 | Q170: 55.04 | R170: 57.5 | S170: 37.92 | T170: =IF($C170="","",IF(ISNA(MATCH($C170,Comparativosimulacros!$E:$E,0)),"Falta en Comparativo","Sí está"))
A171: 605 | D171: Marimon Calderín Ángel David | G171: 1 | H171: 4.14 | I171: 5 | J171: 2.69 | K171: 1.78 | L171: =Comparativosimulacros!M170 | N171: =ROUND(((O171*3+P171*3+Q171*3+R171*3+S171*1)/13)*5,0) | O171: 10.59 | P171: 54.67 | Q171: 71.01 | R171: 33.54 | S171: 21.67 | T171: =IF($C171="","",IF(ISNA(MATCH($C171,Comparativosimulacros!$E:$E,0)),"Falta en Comparativo","Sí está"))
A172: 605 | D172: Mena Vargas Jeremy | G172: 3.81 | H172: 4.03 | I172: 3.57 | J172: 4.22 | K172: 2.67 | L172: =Comparativosimulacros!M171 | N172: =ROUND(((O172*3+P172*3+Q172*3+R172*3+S172*1)/13)*5,0) | O172: 46.89 | P172: 53.22 | Q172: 47.9 | R172: 52.71 | S172: 32.5 | T172: =IF($C172="","",IF(ISNA(MATCH($C172,Comparativosimulacros!$E:$E,0)),"Falta en Comparativo","Sí está"))
A173: 605 | D173: Mesa Vargas Mathias | G173: 4.79 | H173: 5 | I173: 5 | J173: 5 | K173: 4.9 | L173: =Comparativosimulacros!M172 | N173: =ROUND(((O173*3+P173*3+Q173*3+R173*3+S173*1)/13)*5,0) | O173: 58.99 | P173: 68.17 | Q173: 76.89 | R173: 71.88 | S173: 59.58 | T173: =IF($C173="","",IF(ISNA(MATCH($C173,Comparativosimulacros!$E:$E,0)),"Falta en Comparativo","Sí está"))
A174: 605 | D174: Munera Torres José David | G174: 3.64 | H174: 3.06 | I174: 2.07 | J174: 2.3 | K174: 3.12 | L174: =Comparativosimulacros!M173 | N174: =ROUND(((O174*3+P174*3+Q174*3+R174*3+S174*1)/13)*5,0) | O174: 44.87 | P174: 40.47 | Q174: 27.73 | R174: 28.75 | S174: 37.92 | T174: =IF($C174="","",IF(ISNA(MATCH($C174,Comparativosimulacros!$E:$E,0)),"Falta en Comparativo","Sí está"))
... A291: 703 | D291: Pineda Ortiz Edwin Andreys | G291: 4.08 | H291: 3.65 | I291: 4.29 | J291: 3.87 | K291: 4.08 | L291: =Comparativosimulacros!M290 | N291: =ROUND(((O291*3+P291*3+Q291*3+R291*3+S291*1)/13)*5,0) | O291: 49.88 | P291: 46.63 | Q291: 54.58 | R291: 58.33 | S291: 50 | T291: =IF($C291="","",IF(ISNA(MATCH($C291,Comparativosimulacros!$E:$E,0)),"Falta en Comparativo","Sí está"))
A292: 703 | D292: Ramirez Agurre Luciana | L292: =Comparativosimulacros!M291 | N292: =ROUND(((O292*3+P292*3+Q292*3+R292*3+S292*1)/13)*5,0) | O292: 59 | P292: 56 | Q292: 45 | R292: 65 | S292: 69 | T292: =IF($C292="","",IF(ISNA(MATCH($C292,Comparativosimulacros!$E:$E,0)),"Falta en Comparativo","Sí está"))
A293: 703 | D293: Sepúlveda Lezcano Dulce María | G293: 5 | H293: 3.86 | I293: 4.56 | J293: 3.87 | K293: 4.89 | L293: =Comparativosimulacros!M292 | N293: =ROUND(((O293*3+P293*3+Q293*3+R293*3+S293*1)/13)*5,0) | O293: 83 | P293: 49.33 | Q293: 57.96 | R293: 58.33 | S293: 60 | T293: =IF($C293="","",IF(ISNA(MATCH($C293,Comparativosimulacros!$E:$E,0)),"Falta en Comparativo","Sí está"))
A294: 703 | D294: Silva Úsuga Diego Alejandro | G294: 5 | H294: 3.68 | I294: 4.96 | J294: 4.14 | K294: 4.89 | L294: =Comparativosimulacros!M293 | N294: =ROUND(((O294*3+P294*3+Q294*3+R294*3+S294*1)/13)*5,0) | O294: 63.75 | P294: 47.04 | Q294: 63.15 | R294: 62.5 | S294: 60 | T294: =IF($C294="","",IF(ISNA(MATCH($C294,Comparativosimulacros!$E:$E,0)),"Falta en Comparativo","Sí está"))
A295: 703 | D295: Tangarife Acevedo Tomas | G295: 2.85 | H295: 4.07 | I295: 3.74 | J295: 4.69 | K295: 3.67 | L295: =Comparativosimulacros!M294 | N295: =ROUND(((O295*3+P295*3+Q295*3+R295*3+S295*1)/13)*5,0) | O295: 34.88 | P295: 52 | Q295: 47.58 | R295: 70.83 | S295: 45 | T295: =IF($C295="","",IF(ISNA(MATCH($C295,Comparativosimulacros!$E:$E,0)),"Falta en Comparativo","Sí está"))
...

Sheet SegundoSimulacro
E2: Resultados Segundo Simulacro | O2: Puntaje por área (0–100)
A3: Grupo | B3: Sexo | C3: Documento | D3: ESTUDIANTES | E3: Enlace Imagen | F3: PDF | G3: Matemática | H3: Ciencias Naturales | I3: Sociales y Ciudadanas | J3: Lectura Crítica | K3: Inglés | L3: Posición dentro del grupo | M3: Posición dentro de décimo | N3: Puntaje Global | O3: Matemática | P3: Ciencias Naturales | Q3: Sociales y Ciudadanas | R3: Lectura Crítica | S3: Inglés | T3: Verificación
A5: 601 | D5: Acevedo Castañeda Luciana | G5: 2.77 | H5: 3.06 | I5: 3.77 | J5: 3.35 | K5: 4.42 | L5: =IF(OR($A5="",$N5=0),"",COUNTIFS($A$5:$A$1500,$A5,$N$5:$N$1500,">"&$N5)+1) | M5: =IF(OR($A5="",$N5=0),"",IF(AND($A5>=1001,$A5<=1005),COUNTIFS($A$5:$A$1500,">=1001",$A$5:$A$1500,"<=1005",$N$5:$N$1500,">"&$N5)+1,"")) | N5: =ROUND(((O5*3+P5*3+Q5*3+R5*3+S5*1)/13)*5,0) | O5: 44 | P5: 47.26 | Q5: 52.25 | R5: 52.5 | S5: 64.17 | T5: =IF($C5="","",IF(ISNA(MATCH($C5,Comparativosimulacros!$E:$E,0)),"Falta en Comparativo","Sí está"))
A6: 601 | D6: Aguiar García Jesús Antonio | G6: 2.77 | H6: 3.06 | I6: 2.58 | J6: 2.24 | K6: 4.11 | L6: =IF(OR($A6="",$N6=0),"",COUNTIFS($A$5:$A$1500,$A6,$N$5:$N$1500,">"&$N6)+1) | M6: =IF(OR($A6="",$N6=0),"",IF(AND($A6>=1001,$A6<=1005),COUNTIFS($A$5:$A$1500,">=1001",$A$5:$A$1500,"<=1005",$N$5:$N$1500,">"&$N6)+1,"")) | N6: =ROUND(((O6*3+P6*3+Q6*3+R6*3+S6*1)/13)*5,0) | O6: 44 | P6: 47.26 | Q6: 35.75 | R6: 35 | S6: 59.58 | T6: =IF($C6="","",IF(ISNA(MATCH($C6,Comparativosimulacros!$E:$E,0)),"Falta en Comparativo","Sí está"))
A7: 601 | D7: Alcaraz Londoño Jean Pool | G7: 3.29 | H7: 3.95 | I7: 2.58 | J7: 2.51 | K7: 4.74 | L7: =IF(OR($A7="",$N7=0),"",COUNTIFS($A$5:$A$1500,$A7,$N$5:$N$1500,">"&$N7)+1) | M7: =IF(OR($A7="",$N7=0),"",IF(AND($A7>=1001,$A7<=1005),COUNTIFS($A$5:$A$1500,">=1001",$A$5:$A$1500,"<=1005",$N$5:$N$1500,">"&$N7)+1,"")) | N7: =ROUND(((O7*3+P7*3+Q7*3+R7*3+S7*1)/13)*5,0) | O7: 52.25 | P7: 60.95 | Q7: 35.75 | R7: 39.38 | S7: 68.75 | T7: =IF($C7="","",IF(ISNA(MATCH($C7,Comparativosimulacros!$E:$E,0)),"Falta en Comparativo","Sí está"))
A8: 601 | D8: Alcaraz Silva Cristian Kamilo | G8: 3.46 | H8: 3.24 | I8: 2.97 | J8: 2.79 | K8: 2.84 | L8: =IF(OR($A8="",$N8=0),"",COUNTIFS($A$5:$A$1500,$A8,$N$5:$N$1500,">"&$N8)+1) | M8: =IF(OR($A8="",$N8=0),"",IF(AND($A8>=1001,$A8<=1005),COUNTIFS($A$5:$A$1500,">=1001",$A$5:$A$1500,"<=1005",$N$5:$N$1500,">"&$N8)+1,"")) | N8: =ROUND(((O8*3+P8*3+Q8*3+R8*3+S8*1)/13)*5,0) | O8: 55 | P8: 49.94 | Q8: 41.25 | R8: 43.75 | S8: 41.25 | T8: =IF($C8="","",IF(ISNA(MATCH($C8,Comparativosimulacros!$E:$E,0)),"Falta en Comparativo","Sí está"))
A9: 601 | D9: Ballesteros Gómez María José | G9: 3.98 | H9: 3.25 | I9: 4.56 | J9: 3.63 | K9: 3.48 | L9: =IF(OR($A9="",$N9=0),"",COUNTIFS($A$5:$A$1500,$A9,$N$5:$N$1500,">"&$N9)+1) | M9: =IF(OR($A9="",$N9=0),"",IF(AND($A9>=1001,$A9<=1005),COUNTIFS($A$5:$A$1500,">=1001",$A$5:$A$1500,"<=1005",$N$5:$N$1500,">"&$N9)+1,"")) | N9: =ROUND(((O9*3+P9*3+Q9*3+R9*3+S9*1)/13)*5,0) | O9: 63.25 | P9: 50.18 | Q9: 63.25 | R9: 56.88 | S9: 50.42 | T9: =IF($C9="","",IF(ISNA(MATCH($C9,Comparativosimulacros!$E:$E,0)),"Falta en Comparativo","Sí está"))
A10: 601 | D10: Benítez Quintero Thomas | G10: 5 | H10: 3.85 | I10: 5 | J10: 4.47 | K10: 5 | L10: =IF(OR($A10="",$N10=0),"",COUNTIFS($A$5:$A$1500,$A10,$N$5:$N$1500,">"&$N10)+1) | M10: =IF(OR($A10="",$N10=0),"",IF(AND($A10>=1001,$A10<=1005),COUNTIFS($A$5:$A$1500,">=1001",$A$5:$A$1500,"<=1005",$N$5:$N$1500,">"&$N10)+1,"")) | N10: =ROUND(((O10*3+P10*3+Q10*3+R10*3+S10*1)/13)*5,0) | O10: 79.75 | P10: 59.35 | Q10: 77 | R10: 70 | S10: 91.67 | T10: =IF($C10="","",IF(ISNA(MATCH($C10,Comparativosimulacros!$E:$E,0)),"Falta en Comparativo","Sí está"))
A11: 601 | D11: Bertel Barrios Deiner Javier | G11: 5 | H11: 1.79 | I11: 1.78 | J11: 3.91 | K11: 1.9 | L11: =IF(OR($A11="",$N11=0),"",COUNTIFS($A$5:$A$1500,$A11,$N$5:$N$1500,">"&$N11)+1) | M11: =IF(OR($A11="",$N11=0),"",IF(AND($A11>=1001,$A11<=1005),COUNTIFS($A$5:$A$1500,">=1001",$A$5:$A$1500,"<=1005",$N$5:$N$1500,">"&$N11)+1,"")) | N11: =ROUND(((O11*3+P11*3+Q11*3+R11*3+S11*1)/13)*5,0) | O11: 83 | P11: 27.62 | Q11: 24.75 | R11: 61.25 | S11: 27.5 | T11: =IF($C11="","",IF(ISNA(MATCH($C11,Comparativosimulacros!$E:$E,0)),"Falta en Comparativo","Sí está"))
A12: 601 | D12: Bran David Dylan Emanuel | G12: 5 | H12: 3.05 | I12: 3.96 | J12: 4.19 | K12: 4.74 | L12: =IF(OR($A12="",$N12=0),"",COUNTIFS($A$5:$A$1500,$A12,$N$5:$N$1500,">"&$N12)+1) | M12: =IF(OR($A12="",$N12=0),"",IF(AND($A12>=1001,$A12<=1005),COUNTIFS($A$5:$A$1500,">=1001",$A$5:$A$1500,"<=1005",$N$5:$N$1500,">"&$N12)+1,"")) | N12: =ROUND(((O12*3+P12*3+Q12*3+R12*3+S12*1)/13)*5,0) | O12: 85.25 | P12: 47.02 | Q12: 55 | R12: 65.63 | S12: 68.75 | T12: =IF($C12="","",IF(ISNA(MATCH($C12,Comparativosimulacros!$E:$E,0)),"Falta en Comparativo","Sí está"))
A13: 601 | D13: Brand Meneses Isabella | G13: 1.9 | H13: 3.84 | I13: 2.18 | J13: 2.24 | K13: 2.21 | L13: =IF(OR($A13="",$N13=0),"",COUNTIFS($A$5:$A$1500,$A13,$N$5:$N$1500,">"&$N13)+1) | M13: =IF(OR($A13="",$N13=0),"",IF(AND($A13>=1001,$A13<=1005),COUNTIFS($A$5:$A$1500,">=1001",$A$5:$A$1500,"<=1005",$N$5:$N$1500,">"&$N13)+1,"")) | N13: =ROUND(((O13*3+P13*3+Q13*3+R13*3+S13*1)/13)*5,0) | O13: 30.25 | P13: 59.17 | Q13: 30.25 | R13: 35 | S13: 32.08 | T13: =IF($C13="","",IF(ISNA(MATCH($C13,Comparativosimulacros!$E:$E,0)),"Falta en Comparativo","Sí está"))
A14: 601 | D14: Amaya Cadavid Mildrey Valentina | G14: 2.6 | H14: 5 | I14: 3.77 | J14: 4.47 | K14: 5 | L14: =IF(OR($A14="",$N14=0),"",COUNTIFS($A$5:$A$1500,$A14,$N$5:$N$1500,">"&$N14)+1) | M14: =IF(OR($A14="",$N14=0),"",IF(AND($A14>=1001,$A14<=1005),COUNTIFS($A$5:$A$1500,">=1001",$A$5:$A$1500,"<=1005",$N$5:$N$1500,">"&$N14)+1,"")) | N14: =ROUND(((O14*3+P14*3+Q14*3+R14*3+S14*1)/13)*5,0) | O14: 41.25 | P14: 80.95 | Q14: 52.25 | R14: 70 | S14: 77.92 | T14: =IF($C14="","",IF(ISNA(MATCH($C14,Comparativosimulacros!$E:$E,0)),"Falta en Comparativo","Sí está"))
A15: 601 | D15: Carvajal Carvajal Milagros Valentina | G15: 3.46 | H15: 3.31 | I15: 2.97 | J15: 4.19 | K15: 3.48 | L15: =IF(OR($A15="",$N15=0),"",COUNTIFS($A$5:$A$1500,$A15,$N$5:$N$1500,">"&$N15)+1) | M15: =IF(OR($A15="",$N15=0),"",IF(AND($A15>=1001,$A15<=1005),COUNTIFS($A$5:$A$1500,">=1001",$A$5:$A$1500,"<=1005",$N$5:$N$1500,">"&$N15)+1,"")) | N15: =ROUND(((O15*3+P15*3+Q15*3+R15*3+S15*1)/13)*5,0) | O15: 55 | P15: 51.07 | Q15: 41.25 | R15: 65.63 | S15: 50.42 | T15: =IF($C15="","",IF(ISNA(MATCH($C15,Comparativosimulacros!$E:$E,0)),"Falta en Comparativo","Sí está"))
A16: 601 | D16: Díaz Ara Moisés | G16: 4.33 | H16: 5 | I16: 5 | J16: 4.75 | K16: 4.74 | L16: =IF(OR($A16="",$N16=0),"",COUNTIFS($A$5:$A$1500,$A16,$N$5:$N$1500,">"&$N16)+1) | M16: =IF(OR($A16="",$N16=0),"",IF(AND($A16>=1001,$A16<=1005),COUNTIFS($A$5:$A$1500,">=1001",$A$5:$A$1500,"<=1005",$N$5:$N$1500,">"&$N16)+1,"")) | N16: =ROUND(((O16*3+P16*3+Q16*3+R16*3+S16*1)/13)*5,0) | O16: 68.75 | P16: 80.95 | Q16: 79.75 | R16: 74.38 | S16: 68.75 | T16: =IF($C16="","",IF(ISNA(MATCH($C16,Comparativosimulacros!$E:$E,0)),"Falta en Comparativo","Sí está"))
... A69: 602 | D69: Moreno García Anthony | G69: 2.84 | H69: 1.34 | I69: 2.71 | J69: 2.88 | K69: 2.07 | L69: =IF(OR($A69="",$N69=0),"",COUNTIFS($A$5:$A$1500,$A69,$N$5:$N$1500,">"&$N69)+1) | M69: =IF(OR($A69="",$N69=0),"",IF(AND($A69>=1001,$A69<=1005),COUNTIFS($A$5:$A$1500,">=1001",$A$5:$A$1500,"<=1005",$N$5:$N$1500,">"&$N69)+1,"")) | N69: =ROUND(((O69*3+P69*3+Q69*3+R69*3+S69*1)/13)*5,0) | O69: 42.5 | P69: 21.73 | Q69: 38.5 | R69: 43.75 | S69: 32.08 | T69: =IF($C69="","",IF(ISNA(MATCH($C69,Comparativosimulacros!$E:$E,0)),"Falta en Comparativo","Sí está"))
A70: 602 | D70: Ortiz Moreno Gerónimo | L70: =IF(OR($A70="",$N70=0),"",COUNTIFS($A$5:$A$1500,$A70,$N$5:$N$1500,">"&$N70)+1) | M70: =IF(OR($A70="",$N70=0),"",IF(AND($A70>=1001,$A70<=1005),COUNTIFS($A$5:$A$1500,">=1001",$A$5:$A$1500,"<=1005",$N$5:$N$1500,">"&$N70)+1,"")) | N70: =ROUND(((O70*3+P70*3+Q70*3+R70*3+S70*1)/13)*5,0) | O70: 52 | P70: 36 | Q70: 30 | R70: 30 | S70: 35 | T70: =IF($C70="","",IF(ISNA(MATCH($C70,Comparativosimulacros!$E:$E,0)),"Falta en Comparativo","Sí está"))
A71: 602 | D71: Panesso Jimenez Andres | G71: 3.02 | H71: 4.59 | I71: 4.06 | J71: 3.74 | K71: 3.84 | L71: =IF(OR($A71="",$N71=0),"",COUNTIFS($A$5:$A$1500,$A71,$N$5:$N$1500,">"&$N71)+1) | M71: =IF(OR($A71="",$N71=0),"",IF(AND($A71>=1001,$A71<=1005),COUNTIFS($A$5:$A$1500,">=1001",$A$5:$A$1500,"<=1005",$N$5:$N$1500,">"&$N71)+1,"")) | N71: =ROUND(((O71*3+P71*3+Q71*3+R71*3+S71*1)/13)*5,0) | O71: 45.25 | P71: 74.4 | Q71: 57.75 | R71: 56.88 | S71: 59.58 | T71: =IF($C71="","",IF(ISNA(MATCH($C71,Comparativosimulacros!$E:$E,0)),"Falta en Comparativo","Sí está"))
A72: 602 | D72: Perez Gutierrez Cristian | G72: 5 | H72: 2.81 | I72: 5 | J72: 3.16 | K72: 1.77 | L72: =IF(OR($A72="",$N72=0),"",COUNTIFS($A$5:$A$1500,$A72,$N$5:$N$1500,">"&$N72)+1) | M72: =IF(OR($A72="",$N72=0),"",IF(AND($A72>=1001,$A72<=1005),COUNTIFS($A$5:$A$1500,">=1001",$A$5:$A$1500,"<=1005",$N$5:$N$1500,">"&$N72)+1,"")) | N72: =ROUND(((O72*3+P72*3+Q72*3+R72*3+S72*1)/13)*5,0) | O72: 75.25 | P72: 45.54 | Q72: 74.25 | R72: 48.13 | S72: 27.5 | T72: =IF($C72="","",IF(ISNA(MATCH($C72,Comparativosimulacros!$E:$E,0)),"Falta en Comparativo","Sí está"))
A73: 602 | D73: Pérez Valencia Miguel Ángel | G73: 3.39 | H73: 4.33 | I73: 4.06 | J73: 4.31 | K73: 3.84 | L73: =IF(OR($A73="",$N73=0),"",COUNTIFS($A$5:$A$1500,$A73,$N$5:$N$1500,">"&$N73)+1) | M73: =IF(OR($A73="",$N73=0),"",IF(AND($A73>=1001,$A73<=1005),COUNTIFS($A$5:$A$1500,">=1001",$A$5:$A$1500,"<=1005",$N$5:$N$1500,">"&$N73)+1,"")) | N73: =ROUND(((O73*3+P73*3+Q73*3+R73*3+S73*1)/13)*5,0) | O73: 50.75 | P73: 70.24 | Q73: 57.75 | R73: 65.63 | S73: 59.58 | T73: =IF($C73="","",IF(ISNA(MATCH($C73,Comparativosimulacros!$E:$E,0)),"Falta en Comparativo","Sí está"))
A74: 602 | D74: Salas Arcila Salome | G74: 3.47 | H74: 3.12 | I74: 3.48 | J74: 3.16 | K74: 3.25 | L74: =IF(OR($A74="",$N74=0),"",COUNTIFS($A$5:$A$1500,$A74,$N$5:$N$1500,">"&$N74)+1) | M74: =IF(OR($A74="",$N74=0),"",IF(AND($A74>=1001,$A74<=1005),COUNTIFS($A$5:$A$1500,">=1001",$A$5:$A$1500,"<=1005",$N$5:$N$1500,">"&$N74)+1,"")) | N74: =ROUND(((O74*3+P74*3+Q74*3+R74*3+S74*1)/13)*5,0) | O74: 52 | P74: 50.6 | Q74: 49.5 | R74: 48.13 | S74: 50.42 | T74: =IF($C74="","",IF(ISNA(MATCH($C74,Comparativosimulacros!$E:$E,0)),"Falta en Comparativo","Sí está"))
A75: 602 | D75: Valencia Holguín Mariángel | G75: 1.37 | H75: 1.91 | I75: 2.71 | J75: 2.01 | K75: 2.07 | L75: =IF(OR($A75="",$N75=0),"",COUNTIFS($A$5:$A$1500,$A75,$N$5:$N$1500,">"&$N75)+1) | M75: =IF(OR($A75="",$N75=0),"",IF(AND($A75>=1001,$A75<=1005),COUNTIFS($A$5:$A$1500,">=1001",$A$5:$A$1500,"<=1005",$N$5:$N$1500,">"&$N75)+1,"")) | N75: =ROUND(((O75*3+P75*3+Q75*3+R75*3+S75*1)/13)*5,0) | O75: 20.5 | P75: 30.95 | Q75: 38.5 | R75: 30.63 | S75: 32.08 | T75: =IF($C75="","",IF(ISNA(MATCH($C75,Comparativosimulacros!$E:$E,0)),"Falta en Comparativo","Sí está"))
A76: 602 | D76: Vidales Silva Johan Stiven | G76: 4.02 | H76: 1.74 | I76: 3.1 | J76: 1.44 | K76: 3.84 | L76: =IF(OR($A76="",$N76=0),"",COUNTIFS($A$5:$A$1500,$A76,$N$5:$N$1500,">"&$N76)+1) | M76: =IF(OR($A76="",$N76=0),"",IF(AND($A76>=1001,$A76<=1005),COUNTIFS($A$5:$A$1500,">=1001",$A$5:$A$1500,"<=1005",$N$5:$N$1500,">"&$N76)+1,"")) | N76: =ROUND(((O76*3+P76*3+Q76*3+R76*3+S76*1)/13)*5,0) | O76: 60.25 | P76: 28.27 | Q76: 44 | R76: 21.88 | S76: 59.58 | T76: =IF($C76="","",IF(ISNA(MATCH($C76,Comparativosimulacros!$E:$E,0)),"Falta en Comparativo","Sí está"))
A77: 602 | D77: Villa Molina José Manuel | G77: 2.66 | H77: 2.74 | I77: 2.13 | J77: 2.88 | K77: 2.36 | L77: =IF(OR($A77="",$N77=0),"",COUNTIFS($A$5:$A$1500,$A77,$N$5:$N$1500,">"&$N77)+1) | M77: =IF(OR($A77="",$N77=0),"",IF(AND($A77>=1001,$A77<=1005),COUNTIFS($A$5:$A$1500,">=1001",$A$5:$A$1500,"<=1005",$N$5:$N$1500,">"&$N77)+1,"")) | N77: =ROUND(((O77*3+P77*3+Q77*3+R77*3+S77*1)/13)*5,0) | O77: 39.75 | P77: 44.35 | Q77: 30.25 | R77: 43.75 | S77: 36.67 | T77: =IF($C77="","",IF(ISNA(MATCH($C77,Comparativosimulacros!$E:$E,0)),"Falta en Comparativo","Sí está"))
A78: 602 | D78: Villegas Chaverra Eilyn Marín | G78: 3.39 | H78: 3.95 | I78: 3.1 | J78: 3.45 | K78: 3.54 | L78: =IF(OR($A78="",$N78=0),"",COUNTIFS($A$5:$A$1500,$A78,$N$5:$N$1500,">"&$N78)+1) | M78: =IF(OR($A78="",$N78=0),"",IF(AND($A78>=1001,$A78<=1005),COUNTIFS($A$5:$A$1500,">=1001",$A$5:$A$1500,"<=1005",$N$5:$N$1500,">"&$N78)+1,"")) | N78: =ROUND(((O78*3+P78*3+Q78*3+R78*3+S78*1)/13)*5,0) | O78: 50.75 | P78: 63.99 | Q78: 44 | R78: 52.5 | S78: 55 | T78: =IF($C78="","",IF(ISNA(MATCH($C78,Comparativosimulacros!$E:$E,0)),"Falta en Comparativo","Sí está"))
A79: 603 | D79: Aguinaga Ruiz Valentina | G79: 3.21 | H79: 5 | I79: 4.73 | J79: 3.82 | K79: 3.9 | L79: =IF(OR($A79="",$N79=0),"",COUNTIFS($A$5:$A$1500,$A79,$N$5:$N$1500,">"&$N79)+1) | M79: =IF(OR($A79="",$N79=0),"",IF(AND($A79>=1001,$A79<=1005),COUNTIFS($A$5:$A$1500,">=1001",$A$5:$A$1500,"<=1005",$N$5:$N$1500,">"&$N79)+1,"")) | N79: =ROUND(((O79*3+P79*3+Q79*3+R79*3+S79*1)/13)*5,0) | O79: 46.75 | P79: 75.89 | Q79: 65.25 | R79: 56.88 | S79: 57.5 | T79: =IF($C79="","",IF(ISNA(MATCH($C79,Comparativosimulacros!$E:$E,0)),"Falta en Comparativo","Sí está"))
A80: 603 | D80: Amasará Ramírez Matías | G80: 5 | H80: 4.61 | I80: 5 | J80: 4.11 | K80: 5 | L80: =IF(OR($A80="",$N80=0),"",COUNTIFS($A$5:$A$1500,$A80,$N$5:$N$1500,">"&$N80)+1) | M80: =IF(OR($A80="",$N80=0),"",IF(AND($A80>=1001,$A80<=1005),COUNTIFS($A$5:$A$1500,">=1001",$A$5:$A$1500,"<=1005",$N$5:$N$1500,">"&$N80)+1,"")) | N80: =ROUND(((O80*3+P80*3+Q80*3+R80*3+S80*1)/13)*5,0) | O80: 88 | P80: 66.67 | Q80: 69.38 | R80: 61.25 | S80: 81.46 | T80: =IF($C80="","",IF(ISNA(MATCH($C80,Comparativosimulacros!$E:$E,0)),"Falta en Comparativo","Sí está"))
A81: 603 | D81: Bermudez Bran Jonas | G81: 3.4 | H81: 2.78 | I81: 2.04 | J81: 3.53 | K81: 2.27 | L81: =IF(OR($A81="",$N81=0),"",COUNTIFS($A$5:$A$1500,$A81,$N$5:$N$1500,">"&$N81)+1) | M81: =IF(OR($A81="",$N81=0),"",IF(AND($A81>=1001,$A81<=1005),COUNTIFS($A$5:$A$1500,">=1001",$A$5:$A$1500,"<=1005",$N$5:$N$1500,">"&$N81)+1,"")) | N81: =ROUND(((O81*3+P81*3+Q81*3+R81*3+S81*1)/13)*5,0) | O81: 49.5 | P81: 40.18 | Q81: 28.13 | R81: 52.5 | S81: 33.54 | T81: =IF($C81="","",IF(ISNA(MATCH($C81,Comparativosimulacros!$E:$E,0)),"Falta en Comparativo","Sí está"))
A82: 603 | D82: Bran Quiroz Paulina | G82: 5 | H82: 4.2 | I82: 5 | J82: 4.7 | K82: 5 | L82: =IF(OR($A82="",$N82=0),"",COUNTIFS($A$5:$A$1500,$A82,$N$5:$N$1500,">"&$N82)+1) | M82: =IF(OR($A82="",$N82=0),"",IF(AND($A82>=1001,$A82<=1005),COUNTIFS($A$5:$A$1500,">=1001",$A$5:$A$1500,"<=1005",$N$5:$N$1500,">"&$N82)+1,"")) | N82: =ROUND(((O82*3+P82*3+Q82*3+R82*3+S82*1)/13)*5,0) | O82: 74.25 | P82: 60.71 | Q82: 72.38 | R82: 70 | S82: 76.67 | T82: =IF($C82="","",IF(ISNA(MATCH($C82,Comparativosimulacros!$E:$E,0)),"Falta en Comparativo","Sí está"))
A83: 603 | D83: Cañola Fernández Salomé | L83: =IF(OR($A83="",$N83=0),"",COUNTIFS($A$5:$A$1500,$A83,$N$5:$N$1500,">"&$N83)+1) | M83: =IF(OR($A83="",$N83=0),"",IF(AND($A83>=1001,$A83<=1005),COUNTIFS($A$5:$A$1500,">=1001",$A$5:$A$1500,"<=1005",$N$5:$N$1500,">"&$N83)+1,"")) | N83: =ROUND(((O83*3+P83*3+Q83*3+R83*3+S83*1)/13)*5,0) | O83: 48 | P83: 76 | Q83: 72 | R83: 70 | S83: 79 | T83: =IF($C83="","",IF(ISNA(MATCH($C83,Comparativosimulacros!$E:$E,0)),"Falta en Comparativo","Sí está"))
A84: 603 | D84: Correa Quiroz Anaisabel | G84: 4.92 | H84: 4.67 | I84: 5 | J84: 5 | K84: 4.55 | L84: =IF(OR($A84="",$N84=0),"",COUNTIFS($A$5:$A$1500,$A84,$N$5:$N$1500,">"&$N84)+1) | M84: =IF(OR($A84="",$N84=0),"",IF(AND($A84>=1001,$A84<=1005),COUNTIFS($A$5:$A$1500,">=1001",$A$5:$A$1500,"<=1005",$N$5:$N$1500,">"&$N84)+1,"")) | N84: =ROUND(((O84*3+P84*3+Q84*3+R84*3+S84*1)/13)*5,0) | O84: 71.5 | P84: 67.56 | Q84: 78.38 | R84: 78.75 | S84: 67.08 | T84: =IF($C84="","",IF(ISNA(MATCH($C84,Comparativosimulacros!$E:$E,0)),"Falta en Comparativo","Sí está"))
A85: 603 | D85: De Vrijer Escudero Manolo | G85: 1.89 | H85: 2.96 | I85: 5 | J85: 4.41 | K85: 4.22 | L85: =IF(OR($A85="",$N85=0),"",COUNTIFS($A$5:$A$1500,$A85,$N$5:$N$1500,">"&$N85)+1) | M85: =IF(OR($A85="",$N85=0),"",IF(AND($A85>=1001,$A85<=1005),COUNTIFS($A$5:$A$1500,">=1001",$A$5:$A$1500,"<=1005",$N$5:$N$1500,">"&$N85)+1,"")) | N85: =ROUND(((O85*3+P85*3+Q85*3+R85*3+S85*1)/13)*5,0) | O85: 27.5 | P85: 42.86 | Q85: 75.38 | R85: 65.63 | S85: 62.29 | T85: =IF($C85="","",IF(ISNA(MATCH($C85,Comparativosimulacros!$E:$E,0)),"Falta en Comparativo","Sí está"))
A86: 603 | D86: Escobar Berrio Susana | G86: 3.21 | H86: 2.43 | I86: 3.21 | J86: 3.23 | K86: 2.6 | L86: =IF(OR($A86="",$N86=0),"",COUNTIFS($A$5:$A$1500,$A86,$N$5:$N$1500,">"&$N86)+1) | M86: =IF(OR($A86="",$N86=0),"",IF(AND($A86>=1001,$A86<=1005),COUNTIFS($A$5:$A$1500,">=1001",$A$5:$A$1500,"<=1005",$N$5:$N$1500,">"&$N86)+1,"")) | N86: =ROUND(((O86*3+P86*3+Q86*3+R86*3+S86*1)/13)*5,0) | O86: 46.75 | P86: 35.12 | Q86: 44.25 | R86: 48.13 | S86: 38.33 | T86: =IF($C86="","",IF(ISNA(MATCH($C86,Comparativosimulacros!$E:$E,0)),"Falta en Comparativo","Sí está"))
A87: 603 | D87: Estrada Castro Elieth Camila | G87: 1.7 | H87: 1.21 | I87: 1.6 | J87: 1.47 | K87: 1.62 | L87: =IF(OR($A87="",$N87=0),"",COUNTIFS($A$5:$A$1500,$A87,$N$5:$N$1500,">"&$N87)+1) | M87: =IF(OR($A87="",$N87=0),"",IF(AND($A87>=1001,$A87<=1005),COUNTIFS($A$5:$A$1500,">=1001",$A$5:$A$1500,"<=1005",$N$5:$N$1500,">"&$N87)+1,"")) | N87: =ROUND(((O87*3+P87*3+Q87*3+R87*3+S87*1)/13)*5,0) | O87: 24.75 | P87: 17.56 | Q87: 22.13 | R87: 21.88 | S87: 23.96 | T87: =IF($C87="","",IF(ISNA(MATCH($C87,Comparativosimulacros!$E:$E,0)),"Falta en Comparativo","Sí está"))
A88: 603 | D88: Febres Chaparro Santiago David | G88: 3.21 | H88: 2.53 | I88: 2.47 | J88: 1.47 | K88: 2.92 | L88: =IF(OR($A88="",$N88=0),"",COUNTIFS($A$5:$A$1500,$A88,$N$5:$N$1500,">"&$N88)+1) | M88: =IF(OR($A88="",$N88=0),"",IF(AND($A88>=1001,$A88<=1005),COUNTIFS($A$5:$A$1500,">=1001",$A$5:$A$1500,"<=1005",$N$5:$N$1500,">"&$N88)+1,"")) | N88: =ROUND(((O88*3+P88*3+Q88*3+R88*3+S88*1)/13)*5,0) | O88: 46.75 | P88: 36.61 | Q88: 34.13 | R88: 21.88 | S88: 43.13 | T88: =IF($C88="","",IF(ISNA(MATCH($C88,Comparativosimulacros!$E:$E,0)),"Falta en Comparativo","Sí está"))
A89: 603 | D89: Gonzalez Bedoya Juan Sebastián | G89: 4.54 | H89: 4.63 | I89: 3.86 | J89: 3.82 | K89: 3.57 | L89: =IF(OR($A89="",$N89=0),"",COUNTIFS($A$5:$A$1500,$A89,$N$5:$N$1500,">"&$N89)+1) | M89: =IF(OR($A89="",$N89=0),"",IF(AND($A89>=1001,$A89<=1005),COUNTIFS($A$5:$A$1500,">=1001",$A$5:$A$1500,"<=1005",$N$5:$N$1500,">"&$N89)+1,"")) | N89: =ROUND(((O89*3+P89*3+Q89*3+R89*3+S89*1)/13)*5,0) | O89: 66 | P89: 66.96 | Q89: 53.25 | R89: 56.88 | S89: 52.71 | T89: =IF($C89="","",IF(ISNA(MATCH($C89,Comparativosimulacros!$E:$E,0)),"Falta en Comparativo","Sí está"))
A90: 603 | D90: González Cartagena Mateo | G90: 2.65 | H90: 1.28 | I90: 2.25 | J90: 2.94 | K90: 4.87 | L90: =IF(OR($A90="",$N90=0),"",COUNTIFS($A$5:$A$1500,$A90,$N$5:$N$1500,">"&$N90)+1) | M90: =IF(OR($A90="",$N90=0),"",IF(AND($A90>=1001,$A90<=1005),COUNTIFS($A$5:$A$1500,">=1001",$A$5:$A$1500,"<=1005",$N$5:$N$1500,">"&$N90)+1,"")) | N90: =ROUND(((O90*3+P90*3+Q90*3+R90*3+S90*1)/13)*5,0) | O90: 38.5 | P90: 18.45 | Q90: 31.13 | R90: 43.75 | S90: 71.88 | T90: =IF($C90="","",IF(ISNA(MATCH($C90,Comparativosimulacros!$E:$E,0)),"Falta en Comparativo","Sí está"))
A91: 603 | D91: González Zapata Jonathan Alejandro | G91: 4.16 | H91: 5 | I91: 3.56 | J91: 4.41 | K91: 3.9 | L91: =IF(OR($A91="",$N91=0),"",COUNTIFS($A$5:$A$1500,$A91,$N$5:$N$1500,">"&$N91)+1) | M91: =IF(OR($A91="",$N91=0),"",IF(AND($A91>=1001,$A91<=1005),COUNTIFS($A$5:$A$1500,">=1001",$A$5:$A$1500,"<=1005",$N$5:$N$1500,">"&$N91)+1,"")) | N91: =ROUND(((O91*3+P91*3+Q91*3+R91*3+S91*1)/13)*5,0) | O91: 60.5 | P91: 77.98 | Q91: 49.13 | R91: 65.63 | S91: 57.5 | T91: =IF($C91="","",IF(ISNA(MATCH($C91,Comparativosimulacros!$E:$E,0)),"Falta en Comparativo","Sí está"))
A92: 603 | D92: Guevara Montes Bhianka Juliethe | G92: 2.08 | H92: 1.79 | I92: 1.6 | J92: 3.23 | K92: 1.62 | L92: =IF(OR($A92="",$N92=0),"",COUNTIFS($A$5:$A$1500,$A92,$N$5:$N$1500,">"&$N92)+1) | M92: =IF(OR($A92="",$N92=0),"",IF(AND($A92>=1001,$A92<=1005),COUNTIFS($A$5:$A$1500,">=1001",$A$5:$A$1500,"<=1005",$N$5:$N$1500,">"&$N92)+1,"")) | N92: =ROUND(((O92*3+P92*3+Q92*3+R92*3+S92*1)/13)*5,0) | O92: 30.25 | P92: 25.89 | Q92: 22.13 | R92: 48.13 | S92: 23.96 | T92: =IF($C92="","",IF(ISNA(MATCH($C92,Comparativosimulacros!$E:$E,0)),"Falta en Comparativo","Sí está"))
A93: 603 | D93: Guisao Higuita Guadalupe | G93: 4.35 | H93: 4.22 | I93: 2.69 | J93: 3.82 | K93: 4.55 | L93: =IF(OR($A93="",$N93=0),"",COUNTIFS($A$5:$A$1500,$A93,$N$5:$N$1500,">"&$N93)+1) | M93: =IF(OR($A93="",$N93=0),"",IF(AND($A93>=1001,$A93<=1005),COUNTIFS($A$5:$A$1500,">=1001",$A$5:$A$1500,"<=1005",$N$5:$N$1500,">"&$N93)+1,"")) | N93: =ROUND(((O93*3+P93*3+Q93*3+R93*3+S93*1)/13)*5,0) | O93: 63.25 | P93: 61.01 | Q93: 37.13 | R93: 56.88 | S93: 67.08 | T93: =IF($C93="","",IF(ISNA(MATCH($C93,Comparativosimulacros!$E:$E,0)),"Falta en Comparativo","Sí está"))
A94: 603 | D94: Henao Arteaga Emiliano | G94: 4.35 | H94: 4.22 | I94: 3.64 | J94: 4.11 | K94: 5 | L94: =IF(OR($A94="",$N94=0),"",COUNTIFS($A$5:$A$1500,$A94,$N$5:$N$1500,">"&$N94)+1) | M94: =IF(OR($A94="",$N94=0),"",IF(AND($A94>=1001,$A94<=1005),COUNTIFS($A$5:$A$1500,">=1001",$A$5:$A$1500,"<=1005",$N$5:$N$1500,">"&$N94)+1,"")) | N94: =ROUND(((O94*3+P94*3+Q94*3+R94*3+S94*1)/13)*5,0) | O94: 63.25 | P94: 61.01 | Q94: 50.25 | R94: 61.25 | S94: 76.67 | T94: =IF($C94="","",IF(ISNA(MATCH($C94,Comparativosimulacros!$E:$E,0)),"Falta en Comparativo","Sí está"))
A95: 603 | D95: Hernández Castrillón Estefanía | G95: 2.84 | H95: 3.15 | I95: 2.47 | J95: 2.94 | K95: 2.6 | L95: =IF(OR($A95="",$N95=0),"",COUNTIFS($A$5:$A$1500,$A95,$N$5:$N$1500,">"&$N95)+1) | M95: =IF(OR($A95="",$N95=0),"",IF(AND($A95>=1001,$A95<=1005),COUNTIFS($A$5:$A$1500,">=1001",$A$5:$A$1500,"<=1005",$N$5:$N$1500,">"&$N95)+1,"")) | N95: =ROUND(((O95*3+P95*3+Q95*3+R95*3+S95*1)/13)*5,0) | O95: 41.25 | P95: 45.54 | Q95: 34.13 | R95: 43.75 | S95: 38.33 | T95: =IF($C95="","",IF(ISNA(MATCH($C95,Comparativosimulacros!$E:$E,0)),"Falta en Comparativo","Sí está"))
... A99: 603 | D99: Londoño García Luciana | G99: 3.59 | H99: 3.75 | I99: 2.25 | J99: 3.82 | K99: 1.95 | L99: =IF(OR($A99="",$N99=0),"",COUNTIFS($A$5:$A$1500,$A99,$N$5:$N$1500,">"&$N99)+1) | M99: =IF(OR($A99="",$N99=0),"",IF(AND($A99>=1001,$A99<=1005),COUNTIFS($A$5:$A$1500,">=1001",$A$5:$A$1500,"<=1005",$N$5:$N$1500,">"&$N99)+1,"")) | N99: =ROUND(((O99*3+P99*3+Q99*3+R99*3+S99*1)/13)*5,0) | O99: 52.25 | P99: 54.17 | Q99: 31.13 | R99: 56.88 | S99: 28.75 | T99: =IF($C99="","",IF(ISNA(MATCH($C99,Comparativosimulacros!$E:$E,0)),"Falta en Comparativo","Sí está"))
A100: 603 | D100: Lopez Amazara Salome | L100: =IF(OR($A100="",$N100=0),"",COUNTIFS($A$5:$A$1500,$A100,$N$5:$N$1500,">"&$N100)+1) | M100: =IF(OR($A100="",$N100=0),"",IF(AND($A100>=1001,$A100<=1005),COUNTIFS($A$5:$A$1500,">=1001",$A$5:$A$1500,"<=1005",$N$5:$N$1500,">"&$N100)+1,"")) | N100: =ROUND(((O100*3+P100*3+Q100*3+R100*3+S100*1)/13)*5,0) | O100: 48 | P100: 32 | Q100: 30 | R100: 35 | S100: 74 | T100: =IF($C100="","",IF(ISNA(MATCH($C100,Comparativosimulacros!$E:$E,0)),"Falta en Comparativo","Sí está"))
A101: 603 | D101: López Peralta Santiago | G101: 4.73 | H101: 5 | I101: 2.47 | J101: 4.11 | K101: 3.25 | L101: =IF(OR($A101="",$N101=0),"",COUNTIFS($A$5:$A$1500,$A101,$N$5:$N$1500,">"&$N101)+1) | M101: =IF(OR($A101="",$N101=0),"",IF(AND($A101>=1001,$A101<=1005),COUNTIFS($A$5:$A$1500,">=1001",$A$5:$A$1500,"<=1005",$N$5:$N$1500,">"&$N101)+1,"")) | N101: =ROUND(((O101*3+P101*3+Q101*3+R101*3+S101*1)/13)*5,0) | O101: 68.75 | P101: 88.69 | Q101: 34.13 | R101: 61.25 | S101: 47.92 | T101: =IF($C101="","",IF(ISNA(MATCH($C101,Comparativosimulacros!$E:$E,0)),"Falta en Comparativo","Sí está"))
A102: 603 | D102: Martínez Durango Juan José | G102: 2.08 | H102: 4.03 | I102: 4.51 | J102: 3.53 | K102: 2.92 | L102: =IF(OR($A102="",$N102=0),"",COUNTIFS($A$5:$A$1500,$A102,$N$5:$N$1500,">"&$N102)+1) | M102: =IF(OR($A102="",$N102=0),"",IF(AND($A102>=1001,$A102<=1005),COUNTIFS($A$5:$A$1500,">=1001",$A$5:$A$1500,"<=1005",$N$5:$N$1500,">"&$N102)+1,"")) | N102: =ROUND(((O102*3+P102*3+Q102*3+R102*3+S102*1)/13)*5,0) | O102: 30.25 | P102: 58.33 | Q102: 62.25 | R102: 52.5 | S102: 43.13 | T102: =IF($C102="","",IF(ISNA(MATCH($C102,Comparativosimulacros!$E:$E,0)),"Falta en Comparativo","Sí está"))
A103: 603 | D103: Martínez Tarazona Camila Valentina | G103: 3.59 | H103: 3.21 | I103: 3.12 | J103: 3.23 | K103: 4.22 | L103: =IF(OR($A103="",$N103=0),"",COUNTIFS($A$5:$A$1500,$A103,$N$5:$N$1500,">"&$N103)+1) | M103: =IF(OR($A103="",$N103=0),"",IF(AND($A103>=1001,$A103<=1005),COUNTIFS($A$5:$A$1500,">=1001",$A$5:$A$1500,"<=1005",$N$5:$N$1500,">"&$N103)+1,"")) | N103: =ROUND(((O103*3+P103*3+Q103*3+R103*3+S103*1)/13)*5,0) | O103: 52.25 | P103: 46.43 | Q103: 43.13 | R103: 48.13 | S103: 62.29 | T103: =IF($C103="","",IF(ISNA(MATCH($C103,Comparativosimulacros!$E:$E,0)),"Falta en Comparativo","Sí está"))
A104: 603 | D104: Nuno Pineda Gustavo | G104: 2.46 | H104: 2.49 | I104: 2.99 | J104: 2.94 | K104: 5 | L104: =IF(OR($A104="",$N104=0),"",COUNTIFS($A$5:$A$1500,$A104,$N$5:$N$1500,">"&$N104)+1) | M104: =IF(OR($A104="",$N104=0),"",IF(AND($A104>=1001,$A104<=1005),COUNTIFS($A$5:$A$1500,">=1001",$A$5:$A$1500,"<=1005",$N$5:$N$1500,">"&$N104)+1,"")) | N104: =ROUND(((O104*3+P104*3+Q104*3+R104*3+S104*1)/13)*5,0) | O104: 35.75 | P104: 36.01 | Q104: 41.25 | R104: 43.75 | S104: 76.67 | T104: =IF($C104="","",IF(ISNA(MATCH($C104,Comparativosimulacros!$E:$E,0)),"Falta en Comparativo","Sí está"))
A105: 603 | D105: Oviedo Ruiz Salome | G105: 3.4 | H105: 2.33 | I105: 3.86 | J105: 2.94 | K105: 2.6 | L105: =IF(OR($A105="",$N105=0),"",COUNTIFS($A$5:$A$1500,$A105,$N$5:$N$1500,">"&$N105)+1) | M105: =IF(OR($A105="",$N105=0),"",IF(AND($A105>=1001,$A105<=1005),COUNTIFS($A$5:$A$1500,">=1001",$A$5:$A$1500,"<=1005",$N$5:$N$1500,">"&$N105)+1,"")) | N105: =ROUND(((O105*3+P105*3+Q105*3+R105*3+S105*1)/13)*5,0) | O105: 49.5 | P105: 33.63 | Q105: 53.25 | R105: 43.75 | S105: 38.33 | T105: =IF($C105="","",IF(ISNA(MATCH($C105,Comparativosimulacros!$E:$E,0)),"Falta en Comparativo","Sí está"))
A106: 603 | D106: Quintero Vélez Gerónimo | G106: 2.84 | H106: 1.81 | I106: 3.72 | J106: 2.35 | K106: 1.3 | L106: =IF(OR($A106="",$N106=0),"",COUNTIFS($A$5:$A$1500,$A106,$N$5:$N$1500,">"&$N106)+1) | M106: =IF(OR($A106="",$N106=0),"",IF(AND($A106>=1001,$A106<=1005),COUNTIFS($A$5:$A$1500,">=1001",$A$5:$A$1500,"<=1005",$N$5:$N$1500,">"&$N106)+1,"")) | N106: =ROUND(((O106*3+P106*3+Q106*3+R106*3+S106*1)/13)*5,0) | O106: 41.25 | P106: 26.19 | Q106: 51.38 | R106: 35 | S106: 19.17 | T106: =IF($C106="","",IF(ISNA(MATCH($C106,Comparativosimulacros!$E:$E,0)),"Falta en Comparativo","Sí está"))
A107: 603 | D107: Quiroz Garces Michell Dahiana | G107: 3.97 | H107: 3.95 | I107: 3.42 | J107: 4.11 | K107: 2.92 | L107: =IF(OR($A107="",$N107=0),"",COUNTIFS($A$5:$A$1500,$A107,$N$5:$N$1500,">"&$N107)+1) | M107: =IF(OR($A107="",$N107=0),"",IF(AND($A107>=1001,$A107<=1005),COUNTIFS($A$5:$A$1500,">=1001",$A$5:$A$1500,"<=1005",$N$5:$N$1500,">"&$N107)+1,"")) | N107: =ROUND(((O107*3+P107*3+Q107*3+R107*3+S107*1)/13)*5,0) | O107: 57.75 | P107: 57.14 | Q107: 47.25 | R107: 61.25 | S107: 43.13 | T107: =IF($C107="","",IF(ISNA(MATCH($C107,Comparativosimulacros!$E:$E,0)),"Falta en Comparativo","Sí está"))
A108: 603 | D108: Ramirez Correa Johan Andrey | G108: 4.16 | H108: 5 | I108: 5 | J108: 5 | K108: 1.95 | L108: =IF(OR($A108="",$N108=0),"",COUNTIFS($A$5:$A$1500,$A108,$N$5:$N$1500,">"&$N108)+1) | M108: =IF(OR($A108="",$N108=0),"",IF(AND($A108>=1001,$A108<=1005),COUNTIFS($A$5:$A$1500,">=1001",$A$5:$A$1500,"<=1005",$N$5:$N$1500,">"&$N108)+1,"")) | N108: =ROUND(((O108*3+P108*3+Q108*3+R108*3+S108*1)/13)*5,0) | O108: 60.5 | P108: 73.21 | Q108: 75.38 | R108: 78.75 | S108: 28.75 | T108: =IF($C108="","",IF(ISNA(MATCH($C108,Comparativosimulacros!$E:$E,0)),"Falta en Comparativo","Sí está"))
A109: 603 | D109: Rodríguez Campo Mariángel | G109: 2.65 | H109: 2.04 | I109: 3.64 | J109: 2.06 | K109: 2.92 | L109: =IF(OR($A109="",$N109=0),"",COUNTIFS($A$5:$A$1500,$A109,$N$5:$N$1500,">"&$N109)+1) | M109: =IF(OR($A109="",$N109=0),"",IF(AND($A109>=1001,$A109<=1005),COUNTIFS($A$5:$A$1500,">=1001",$A$5:$A$1500,"<=1005",$N$5:$N$1500,">"&$N109)+1,"")) | N109: =ROUND(((O109*3+P109*3+Q109*3+R109*3+S109*1)/13)*5,0) | O109: 38.5 | P109: 29.46 | Q109: 50.25 | R109: 30.63 | S109: 43.13 | T109: =IF($C109="","",IF(ISNA(MATCH($C109,Comparativosimulacros!$E:$E,0)),"Falta en Comparativo","Sí está"))
A110: 603 | D110: Sarrazola García Juan Andrés | G110: 2.84 | H110: 3.01 | I110: 2.04 | J110: 1.76 | K110: 4.22 | L110: =IF(OR($A110="",$N110=0),"",COUNTIFS($A$5:$A$1500,$A110,$N$5:$N$1500,">"&$N110)+1) | M110: =IF(OR($A110="",$N110=0),"",IF(AND($A110>=1001,$A110<=1005),COUNTIFS($A$5:$A$1500,">=1001",$A$5:$A$1500,"<=1005",$N$5:$N$1500,">"&$N110)+1,"")) | N110: =ROUND(((O110*3+P110*3+Q110*3+R110*3+S110*1)/13)*5,0) | O110: 41.25 | P110: 43.45 | Q110: 28.13 | R110: 26.25 | S110: 62.29 | T110: =IF($C110="","",IF(ISNA(MATCH($C110,Comparativosimulacros!$E:$E,0)),"Falta en Comparativo","Sí está"))
A111: 603 | D111: Silva Ramírez Dilan Smich | G111: 4.35 | H111: 3.89 | I111: 4.81 | J111: 4.11 | K111: 4.22 | L111: =IF(OR($A111="",$N111=0),"",COUNTIFS($A$5:$A$1500,$A111,$N$5:$N$1500,">"&$N111)+1) | M111: =IF(OR($A111="",$N111=0),"",IF(AND($A111>=1001,$A111<=1005),COUNTIFS($A$5:$A$1500,">=1001",$A$5:$A$1500,"<=1005",$N$5:$N$1500,">"&$N111)+1,"")) | N111: =ROUND(((O111*3+P111*3+Q111*3+R111*3+S111*1)/13)*5,0) | O111: 63.25 | P111: 56.25 | Q111: 66.38 | R111: 61.25 | S111: 62.29 | T111: =IF($C111="","",IF(ISNA(MATCH($C111,Comparativosimulacros!$E:$E,0)),"Falta en Comparativo","Sí está"))
A112: 603 | D112: Urrego Calle Paul Andres | G112: 4.73 | H112: 5 | I112: 3.64 | J112: 2.64 | K112: 5 | L112: =IF(OR($A112="",$N112=0),"",COUNTIFS($A$5:$A$1500,$A112,$N$5:$N$1500,">"&$N112)+1) | M112: =IF(OR($A112="",$N112=0),"",IF(AND($A112>=1001,$A112<=1005),COUNTIFS($A$5:$A$1500,">=1001",$A$5:$A$1500,"<=1005",$N$5:$N$1500,">"&$N112)+1,"")) | N112: =ROUND(((O112*3+P112*3+Q112*3+R112*3+S112*1)/13)*5,0) | O112: 68.75 | P112: 74.4 | Q112: 50.25 | R112: 39.38 | S112: 81.46 | T112: =IF($C112="","",IF(ISNA(MATCH($C112,Comparativosimulacros!$E:$E,0)),"Falta en Comparativo","Sí está"))
... A168: 605 | D168: Meza Borja Marcelo Antonio | G168: 3.76 | H168: 4.85 | I168: 5 | J168: 4.21 | K168: 4.43 | L168: =IF(OR($A168="",$N168=0),"",COUNTIFS($A$5:$A$1500,$A168,$N$5:$N$1500,">"&$N168)+1) | M168: =IF(OR($A168="",$N168=0),"",IF(AND($A168>=1001,$A168<=1005),COUNTIFS($A$5:$A$1500,">=1001",$A$5:$A$1500,"<=1005",$N$5:$N$1500,">"&$N168)+1,"")) | N168: =ROUND(((O168*3+P168*3+Q168*3+R168*3+S168*1)/13)*5,0) | O168: 52.5 | P168: 81.43 | Q168: 85.75 | R168: 64.17 | S168: 68.75 | T168: =IF($C168="","",IF(ISNA(MATCH($C168,Comparativosimulacros!$E:$E,0)),"Falta en Comparativo","Sí está"))
A169: 605 | D169: Munera Torres José David | L169: =IF(OR($A169="",$N169=0),"",COUNTIFS($A$5:$A$1500,$A169,$N$5:$N$1500,">"&$N169)+1) | M169: =IF(OR($A169="",$N169=0),"",IF(AND($A169>=1001,$A169<=1005),COUNTIFS($A$5:$A$1500,">=1001",$A$5:$A$1500,"<=1005",$N$5:$N$1500,">"&$N169)+1,"")) | N169: =ROUND(((O169*3+P169*3+Q169*3+R169*3+S169*1)/13)*5,0) | O169: 50 | P169: 53 | Q169: 51 | R169: 57 | S169: 83 | T169: =IF($C169="","",IF(ISNA(MATCH($C169,Comparativosimulacros!$E:$E,0)),"Falta en Comparativo","Sí está"))
A170: 605 | D170: Muñoz Carvajal Laura Valentina | G170: 1.97 | H170: 3.62 | I170: 5 | J170: 1.8 | K170: 2.95 | L170: =IF(OR($A170="",$N170=0),"",COUNTIFS($A$5:$A$1500,$A170,$N$5:$N$1500,">"&$N170)+1) | M170: =IF(OR($A170="",$N170=0),"",IF(AND($A170>=1001,$A170<=1005),COUNTIFS($A$5:$A$1500,">=1001",$A$5:$A$1500,"<=1005",$N$5:$N$1500,">"&$N170)+1,"")) | N170: =ROUND(((O170*3+P170*3+Q170*3+R170*3+S170*1)/13)*5,0) | O170: 27.5 | P170: 60.71 | Q170: 74.75 | R170: 27.5 | S170: 45.83 | T170: =IF($C170="","",IF(ISNA(MATCH($C170,Comparativosimulacros!$E:$E,0)),"Falta en Comparativo","Sí está"))
A171: 605 | D171: Orrego Urrego María Antonia | G171: 2.87 | H171: 1.92 | I171: 1.78 | J171: 2.4 | K171: 3.54 | L171: =IF(OR($A171="",$N171=0),"",COUNTIFS($A$5:$A$1500,$A171,$N$5:$N$1500,">"&$N171)+1) | M171: =IF(OR($A171="",$N171=0),"",IF(AND($A171>=1001,$A171<=1005),COUNTIFS($A$5:$A$1500,">=1001",$A$5:$A$1500,"<=1005",$N$5:$N$1500,">"&$N171)+1,"")) | N171: =ROUND(((O171*3+P171*3+Q171*3+R171*3+S171*1)/13)*5,0) | O171: 40 | P171: 32.32 | Q171: 26.25 | R171: 36.67 | S171: 55 | T171: =IF($C171="","",IF(ISNA(MATCH($C171,Comparativosimulacros!$E:$E,0)),"Falta en Comparativo","Sí está"))
A172: 605 | D172: Pinto Urbina Merluis Javier | G172: 5 | H172: 5 | I172: 4.21 | J172: 3.91 | K172: 4.43 | L172: =IF(OR($A172="",$N172=0),"",COUNTIFS($A$5:$A$1500,$A172,$N$5:$N$1500,">"&$N172)+1) | M172: =IF(OR($A172="",$N172=0),"",IF(AND($A172>=1001,$A172<=1005),COUNTIFS($A$5:$A$1500,">=1001",$A$5:$A$1500,"<=1005",$N$5:$N$1500,">"&$N172)+1,"")) | N172: =ROUND(((O172*3+P172*3+Q172*3+R172*3+S172*1)/13)*5,0) | O172: 80 | P172: 87.14 | Q172: 62.25 | R172: 59.58 | S172: 68.75 | T172: =IF($C172="","",IF(ISNA(MATCH($C172,Comparativosimulacros!$E:$E,0)),"Falta en Comparativo","Sí está"))
A173: 605 | D173: Pulgarín David Romario | G173: 3.41 | H173: 1.73 | I173: 2.15 | J173: 2.7 | K173: 2.36 | L173: =IF(OR($A173="",$N173=0),"",COUNTIFS($A$5:$A$1500,$A173,$N$5:$N$1500,">"&$N173)+1) | M173: =IF(OR($A173="",$N173=0),"",IF(AND($A173>=1001,$A173<=1005),COUNTIFS($A$5:$A$1500,">=1001",$A$5:$A$1500,"<=1005",$N$5:$N$1500,">"&$N173)+1,"")) | N173: =ROUND(((O173*3+P173*3+Q173*3+R173*3+S173*1)/13)*5,0) | O173: 47.5 | P173: 29.11 | Q173: 31.75 | R173: 41.25 | S173: 36.67 | T173: =IF($C173="","",IF(ISNA(MATCH($C173,Comparativosimulacros!$E:$E,0)),"Falta en Comparativo","Sí está"))
A174: 605 | D174: Zapata Quintero Samantha | G174: 5 | H174: 4.09 | I174: 3.36 | J174: 5 | K174: 4.13 | L174: =IF(OR($A174="",$N174=0),"",COUNTIFS($A$5:$A$1500,$A174,$N$5:$N$1500,">"&$N174)+1) | M174: =IF(OR($A174="",$N174=0),"",IF(AND($A174>=1001,$A174<=1005),COUNTIFS($A$5:$A$1500,">=1001",$A$5:$A$1500,"<=1005",$N$5:$N$1500,">"&$N174)+1,"")) | N174: =ROUND(((O174*3+P174*3+Q174*3+R174*3+S174*1)/13)*5,0) | O174: 80 | P174: 68.75 | Q174: 49.75 | R174: 77.92 | S174: 64.17 | T174: =IF($C174="","",IF(ISNA(MATCH($C174,Comparativosimulacros!$E:$E,0)),"Falta en Comparativo","Sí está"))
A175: 605 | D175: Rios Méndez Juan Daniel | G175: 2.15 | H175: 3.29 | I175: 5 | J175: 2.1 | K175: 1 | L175: =IF(OR($A175="",$N175=0),"",COUNTIFS($A$5:$A$1500,$A175,$N$5:$N$1500,">"&$N175)+1) | M175: =IF(OR($A175="",$N175=0),"",IF(AND($A175>=1001,$A175<=1005),COUNTIFS($A$5:$A$1500,">=1001",$A$5:$A$1500,"<=1005",$N$5:$N$1500,">"&$N175)+1,"")) | N175: =ROUND(((O175*3+P175*3+Q175*3+R175*3+S175*1)/13)*5,0) | O175: 30 | P175: 55.18 | Q175: 74.75 | R175: 32.08 | S175: 9.17 | T175: =IF($C175="","",IF(ISNA(MATCH($C175,Comparativosimulacros!$E:$E,0)),"Falta en Comparativo","Sí está"))
A176: 605 | D176: Roldan Puerta Andrés Felipe | G176: 3.05 | H176: 1 | I176: 2.15 | J176: 4.21 | K176: 2.66 | L176: =IF(OR($A176="",$N176=0),"",COUNTIFS($A$5:$A$1500,$A176,$N$5:$N$1500,">"&$N176)+1) | M176: =IF(OR($A176="",$N176=0),"",IF(AND($A176>=1001,$A176<=1005),COUNTIFS($A$5:$A$1500,">=1001",$A$5:$A$1500,"<=1005",$N$5:$N$1500,">"&$N176)+1,"")) | N176: =ROUND(((O176*3+P176*3+Q176*3+R176*3+S176*1)/13)*5,0) | O176: 42.5 | P176: 0 | Q176: 31.75 | R176: 64.17 | S176: 41.25 | T176: =IF($C176="","",IF(ISNA(MATCH($C176,Comparativosimulacros!$E:$E,0)),"Falta en Comparativo","Sí está"))
A177: 605 | D177: Romero Martinez Sofia Valentina | G177: 4.12 | H177: 3.2 | I177: 5 | J177: 4.81 | K177: 4.43 | L177: =IF(OR($A177="",$N177=0),"",COUNTIFS($A$5:$A$1500,$A177,$N$5:$N$1500,">"&$N177)+1) | M177: =IF(OR($A177="",$N177=0),"",IF(AND($A177>=1001,$A177<=1005),COUNTIFS($A$5:$A$1500,">=1001",$A$5:$A$1500,"<=1005",$N$5:$N$1500,">"&$N177)+1,"")) | N177: =ROUND(((O177*3+P177*3+Q177*3+R177*3+S177*1)/13)*5,0) | O177: 57.5 | P177: 53.75 | Q177: 77.5 | R177: 73.33 | S177: 68.75 | T177: =IF($C177="","",IF(ISNA(MATCH($C177,Comparativosimulacros!$E:$E,0)),"Falta en Comparativo","Sí está"))
A178: 605 | D178: Sarmiento Cuestas Nicolas Santiago | G178: 2.51 | H178: 2.03 | I178: 2.99 | J178: 1 | K178: 1.18 | L178: =IF(OR($A178="",$N178=0),"",COUNTIFS($A$5:$A$1500,$A178,$N$5:$N$1500,">"&$N178)+1) | M178: =IF(OR($A178="",$N178=0),"",IF(AND($A178>=1001,$A178<=1005),COUNTIFS($A$5:$A$1500,">=1001",$A$5:$A$1500,"<=1005",$N$5:$N$1500,">"&$N178)+1,"")) | N178: =ROUND(((O178*3+P178*3+Q178*3+R178*3+S178*1)/13)*5,0) | O178: 35 | P178: 34.11 | Q178: 44.25 | R178: 4.58 | S178: 18.33 | T178: =IF($C178="","",IF(ISNA(MATCH($C178,Comparativosimulacros!$E:$E,0)),"Falta en Comparativo","Sí está"))
A179: 605 | D179: Serna Orrego Carlos Alberto | G179: 2.33 | H179: 3.47 | I179: 2.81 | J179: 2.7 | K179: 3.54 | L179: =IF(OR($A179="",$N179=0),"",COUNTIFS($A$5:$A$1500,$A179,$N$5:$N$1500,">"&$N179)+1) | M179: =IF(OR($A179="",$N179=0),"",IF(AND($A179>=1001,$A179<=1005),COUNTIFS($A$5:$A$1500,">=1001",$A$5:$A$1500,"<=1005",$N$5:$N$1500,">"&$N179)+1,"")) | N179: =ROUND(((O179*3+P179*3+Q179*3+R179*3+S179*1)/13)*5,0) | O179: 32.5 | P179: 58.21 | Q179: 41.5 | R179: 41.25 | S179: 55 | T179: =IF($C179="","",IF(ISNA(MATCH($C179,Comparativosimulacros!$E:$E,0)),"Falta en Comparativo","Sí está"))
A180: 605 | D180: Suárez Suárez Mariangel | G180: 3.58 | H180: 2.73 | I180: 3.36 | J180: 3.31 | K180: 5 | L180: =IF(OR($A180="",$N180=0),"",COUNTIFS($A$5:$A$1500,$A180,$N$5:$N$1500,">"&$N180)+1) | M180: =IF(OR($A180="",$N180=0),"",IF(AND($A180>=1001,$A180<=1005),COUNTIFS($A$5:$A$1500,">=1001",$A$5:$A$1500,"<=1005",$N$5:$N$1500,">"&$N180)+1,"")) | N180: =ROUND(((O180*3+P180*3+Q180*3+R180*3+S180*1)/13)*5,0) | O180: 50 | P180: 45.89 | Q180: 49.75 | R180: 50.42 | S180: 77.92 | T180: =IF($C180="","",IF(ISNA(MATCH($C180,Comparativosimulacros!$E:$E,0)),"Falta en Comparativo","Sí está"))
A181: 605 | D181: Tamayo Lopera Melany | G181: 4.66 | H181: 3.96 | I181: 3.18 | J181: 4.21 | K181: 4.72 | L181: =IF(OR($A181="",$N181=0),"",COUNTIFS($A$5:$A$1500,$A181,$N$5:$N$1500,">"&$N181)+1) | M181: =IF(OR($A181="",$N181=0),"",IF(AND($A181>=1001,$A181<=1005),COUNTIFS($A$5:$A$1500,">=1001",$A$5:$A$1500,"<=1005",$N$5:$N$1500,">"&$N181)+1,"")) | N181: =ROUND(((O181*3+P181*3+Q181*3+R181*3+S181*1)/13)*5,0) | O181: 65 | P181: 66.43 | Q181: 47 | R181: 64.17 | S181: 73.33 | T181: =IF($C181="","",IF(ISNA(MATCH($C181,Comparativosimulacros!$E:$E,0)),"Falta en Comparativo","Sí está"))
... A192: 701 | D192: Becerra Sepúlveda Mariángel | G192: 2.58 | H192: 3.23 | I192: 3.17 | J192: 1.99 | K192: 3.37 | L192: =IF(OR($A192="",$N192=0),"",COUNTIFS($A$5:$A$1500,$A192,$N$5:$N$1500,">"&$N192)+1) | M192: =IF(OR($A192="",$N192=0),"",IF(AND($A192>=1001,$A192<=1005),COUNTIFS($A$5:$A$1500,">=1001",$A$5:$A$1500,"<=1005",$N$5:$N$1500,">"&$N192)+1,"")) | N192: =ROUND(((O192*3+P192*3+Q192*3+R192*3+S192*1)/13)*5,0) | O192: 40 | P192: 46.96 | Q192: 47.25 | R192: 28.75 | S192: 50 | T192: =IF($C192="","",IF(ISNA(MATCH($C192,Comparativosimulacros!$E:$E,0)),"Falta en Comparativo","Sí está"))
A193: 701 | D193: Bran González Ximena | L193: =IF(OR($A193="",$N193=0),"",COUNTIFS($A$5:$A$1500,$A193,$N$5:$N$1500,">"&$N193)+1) | M193: =IF(OR($A193="",$N193=0),"",IF(AND($A193>=1001,$A193<=1005),COUNTIFS($A$5:$A$1500,">=1001",$A$5:$A$1500,"<=1005",$N$5:$N$1500,">"&$N193)+1,"")) | N193: =ROUND(((O193*3+P193*3+Q193*3+R193*3+S193*1)/13)*5,0) | O193: 48 | P193: 35 | Q193: 39 | R193: 40 | S193: 50 | T193: =IF($C193="","",IF(ISNA(MATCH($C193,Comparativosimulacros!$E:$E,0)),"Falta en Comparativo","Sí está"))
A194: 701 | D194: Bran Rivera Mathias | G194: 4.68 | H194: 4.88 | I194: 4.22 | J194: 5 | K194: 4.5 | L194: =IF(OR($A194="",$N194=0),"",COUNTIFS($A$5:$A$1500,$A194,$N$5:$N$1500,">"&$N194)+1) | M194: =IF(OR($A194="",$N194=0),"",IF(AND($A194>=1001,$A194<=1005),COUNTIFS($A$5:$A$1500,">=1001",$A$5:$A$1500,"<=1005",$N$5:$N$1500,">"&$N194)+1,"")) | N194: =ROUND(((O194*3+P194*3+Q194*3+R194*3+S194*1)/13)*5,0) | O194: 72.5 | P194: 71.01 | Q194: 63 | R194: 76.67 | S194: 66.67 | T194: =IF($C194="","",IF(ISNA(MATCH($C194,Comparativosimulacros!$E:$E,0)),"Falta en Comparativo","Sí está"))
A195: 701 | D195: Bravo Galeano Dulce Maria | G195: 4.2 | H195: 4.61 | I195: 3.87 | J195: 4.65 | K195: 5 | L195: =IF(OR($A195="",$N195=0),"",COUNTIFS($A$5:$A$1500,$A195,$N$5:$N$1500,">"&$N195)+1) | M195: =IF(OR($A195="",$N195=0),"",IF(AND($A195>=1001,$A195<=1005),COUNTIFS($A$5:$A$1500,">=1001",$A$5:$A$1500,"<=1005",$N$5:$N$1500,">"&$N195)+1,"")) | N195: =ROUND(((O195*3+P195*3+Q195*3+R195*3+S195*1)/13)*5,0) | O195: 65 | P195: 67.08 | Q195: 57.75 | R195: 67.08 | S195: 75 | T195: =IF($C195="","",IF(ISNA(MATCH($C195,Comparativosimulacros!$E:$E,0)),"Falta en Comparativo","Sí está"))
A196: 701 | D196: Bustamante Valderrama Maria Alejandra | G196: 2.3 | H196: 3.77 | I196: 4.4 | J196: 4.98 | K196: 3.65 | L196: =IF(OR($A196="",$N196=0),"",COUNTIFS($A$5:$A$1500,$A196,$N$5:$N$1500,">"&$N196)+1) | M196: =IF(OR($A196="",$N196=0),"",IF(AND($A196>=1001,$A196<=1005),COUNTIFS($A$5:$A$1500,">=1001",$A$5:$A$1500,"<=1005",$N$5:$N$1500,">"&$N196)+1,"")) | N196: =ROUND(((O196*3+P196*3+Q196*3+R196*3+S196*1)/13)*5,0) | O196: 35.63 | P196: 54.82 | Q196: 65.63 | R196: 71.88 | S196: 54.17 | T196: =IF($C196="","",IF(ISNA(MATCH($C196,Comparativosimulacros!$E:$E,0)),"Falta en Comparativo","Sí está"))
A197: 701 | D197: Cano Cardona José Fernando | G197: 3.39 | H197: 2.93 | I197: 2.46 | J197: 1.33 | K197: 1.41 | L197: =IF(OR($A197="",$N197=0),"",COUNTIFS($A$5:$A$1500,$A197,$N$5:$N$1500,">"&$N197)+1) | M197: =IF(OR($A197="",$N197=0),"",IF(AND($A197>=1001,$A197<=1005),COUNTIFS($A$5:$A$1500,">=1001",$A$5:$A$1500,"<=1005",$N$5:$N$1500,">"&$N197)+1,"")) | N197: =ROUND(((O197*3+P197*3+Q197*3+R197*3+S197*1)/13)*5,0) | O197: 52.5 | P197: 42.56 | Q197: 36.75 | R197: 19.17 | S197: 20.83 | T197: =IF($C197="","",IF(ISNA(MATCH($C197,Comparativosimulacros!$E:$E,0)),"Falta en Comparativo","Sí está"))
A198: 701 | D198: Cárdenas Niño Ángela Sofía | G198: 3.79 | H198: 3.63 | I198: 4.05 | J198: 4.98 | K198: 5 | L198: =IF(OR($A198="",$N198=0),"",COUNTIFS($A$5:$A$1500,$A198,$N$5:$N$1500,">"&$N198)+1) | M198: =IF(OR($A198="",$N198=0),"",IF(AND($A198>=1001,$A198<=1005),COUNTIFS($A$5:$A$1500,">=1001",$A$5:$A$1500,"<=1005",$N$5:$N$1500,">"&$N198)+1,"")) | N198: =ROUND(((O198*3+P198*3+Q198*3+R198*3+S198*1)/13)*5,0) | O198: 58.75 | P198: 52.74 | Q198: 60.38 | R198: 71.88 | S198: 79.17 | T198: =IF($C198="","",IF(ISNA(MATCH($C198,Comparativosimulacros!$E:$E,0)),"Falta en Comparativo","Sí está"))
A199: 701 | D199: Cicero Miguel Angel | L199: =IF(OR($A199="",$N199=0),"",COUNTIFS($A$5:$A$1500,$A199,$N$5:$N$1500,">"&$N199)+1) | M199: =IF(OR($A199="",$N199=0),"",IF(AND($A199>=1001,$A199<=1005),COUNTIFS($A$5:$A$1500,">=1001",$A$5:$A$1500,"<=1005",$N$5:$N$1500,">"&$N199)+1,"")) | N199: =ROUND(((O199*3+P199*3+Q199*3+R199*3+S199*1)/13)*5,0) | O199: 51 | P199: 51 | Q199: 52 | R199: 57 | S199: 66 | T199: =IF($C199="","",IF(ISNA(MATCH($C199,Comparativosimulacros!$E:$E,0)),"Falta en Comparativo","Sí está"))
A200: 701 | D200: Correa Caro Angely Paola | G200: 4.68 | H200: 2.97 | I200: 1.94 | J200: 3.65 | K200: 4.22 | L200: =IF(OR($A200="",$N200=0),"",COUNTIFS($A$5:$A$1500,$A200,$N$5:$N$1500,">"&$N200)+1) | M200: =IF(OR($A200="",$N200=0),"",IF(AND($A200>=1001,$A200<=1005),COUNTIFS($A$5:$A$1500,">=1001",$A$5:$A$1500,"<=1005",$N$5:$N$1500,">"&$N200)+1,"")) | N200: =ROUND(((O200*3+P200*3+Q200*3+R200*3+S200*1)/13)*5,0) | O200: 72.5 | P200: 43.27 | Q200: 28.88 | R200: 52.71 | S200: 62.5 | T200: =IF($C200="","",IF(ISNA(MATCH($C200,Comparativosimulacros!$E:$E,0)),"Falta en Comparativo","Sí está"))
A201: 701 | D201: Durango Usuga María Alejandra | G201: 3.59 | H201: 3.21 | I201: 2.99 | J201: 1.66 | K201: 2.25 | L201: =IF(OR($A201="",$N201=0),"",COUNTIFS($A$5:$A$1500,$A201,$N$5:$N$1500,">"&$N201)+1) | M201: =IF(OR($A201="",$N201=0),"",IF(AND($A201>=1001,$A201<=1005),COUNTIFS($A$5:$A$1500,">=1001",$A$5:$A$1500,"<=1005",$N$5:$N$1500,">"&$N201)+1,"")) | N201: =ROUND(((O201*3+P201*3+Q201*3+R201*3+S201*1)/13)*5,0) | O201: 55.63 | P201: 46.73 | Q201: 44.63 | R201: 23.96 | S201: 33.33 | T201: =IF($C201="","",IF(ISNA(MATCH($C201,Comparativosimulacros!$E:$E,0)),"Falta en Comparativo","Sí está"))
A202: 701 | D202: García Guzmán Juan Andrés | G202: 2.58 | H202: 2.07 | I202: 3.34 | J202: 4.31 | K202: 2.53 | L202: =IF(OR($A202="",$N202=0),"",COUNTIFS($A$5:$A$1500,$A202,$N$5:$N$1500,">"&$N202)+1) | M202: =IF(OR($A202="",$N202=0),"",IF(AND($A202>=1001,$A202<=1005),COUNTIFS($A$5:$A$1500,">=1001",$A$5:$A$1500,"<=1005",$N$5:$N$1500,">"&$N202)+1,"")) | N202: =ROUND(((O202*3+P202*3+Q202*3+R202*3+S202*1)/13)*5,0) | O202: 40 | P202: 30.06 | Q202: 49.88 | R202: 62.29 | S202: 37.5 | T202: =IF($C202="","",IF(ISNA(MATCH($C202,Comparativosimulacros!$E:$E,0)),"Falta en Comparativo","Sí está"))
A203: 701 | D203: González Yépez Jeankeiber Eduardo | G203: 2.99 | H203: 3.48 | I203: 3.87 | J203: 3.98 | K203: 3.09 | L203: =IF(OR($A203="",$N203=0),"",COUNTIFS($A$5:$A$1500,$A203,$N$5:$N$1500,">"&$N203)+1) | M203: =IF(OR($A203="",$N203=0),"",IF(AND($A203>=1001,$A203<=1005),COUNTIFS($A$5:$A$1500,">=1001",$A$5:$A$1500,"<=1005",$N$5:$N$1500,">"&$N203)+1,"")) | N203: =ROUND(((O203*3+P203*3+Q203*3+R203*3+S203*1)/13)*5,0) | O203: 46.25 | P203: 50.65 | Q203: 57.75 | R203: 57.5 | S203: 45.83 | T203: =IF($C203="","",IF(ISNA(MATCH($C203,Comparativosimulacros!$E:$E,0)),"Falta en Comparativo","Sí está"))
A204: 701 | D204: Guerra Restrepo Juan Manuel | G204: 3.99 | H204: 4.02 | I204: 3.52 | J204: 3.65 | K204: 2.81 | L204: =IF(OR($A204="",$N204=0),"",COUNTIFS($A$5:$A$1500,$A204,$N$5:$N$1500,">"&$N204)+1) | M204: =IF(OR($A204="",$N204=0),"",IF(AND($A204>=1001,$A204<=1005),COUNTIFS($A$5:$A$1500,">=1001",$A$5:$A$1500,"<=1005",$N$5:$N$1500,">"&$N204)+1,"")) | N204: =ROUND(((O204*3+P204*3+Q204*3+R204*3+S204*1)/13)*5,0) | O204: 61.88 | P204: 58.51 | Q204: 52.5 | R204: 52.71 | S204: 41.67 | T204: =IF($C204="","",IF(ISNA(MATCH($C204,Comparativosimulacros!$E:$E,0)),"Falta en Comparativo","Sí está"))
A205: 701 | D205: Hernández Cartagena Matias | G205: 1.9 | H205: 2.64 | I205: 3.7 | J205: 1.33 | K205: 1.97 | L205: =IF(OR($A205="",$N205=0),"",COUNTIFS($A$5:$A$1500,$A205,$N$5:$N$1500,">"&$N205)+1) | M205: =IF(OR($A205="",$N205=0),"",IF(AND($A205>=1001,$A205<=1005),COUNTIFS($A$5:$A$1500,">=1001",$A$5:$A$1500,"<=1005",$N$5:$N$1500,">"&$N205)+1,"")) | N205: =ROUND(((O205*3+P205*3+Q205*3+R205*3+S205*1)/13)*5,0) | O205: 29.38 | P205: 38.39 | Q205: 55.13 | R205: 19.17 | S205: 29.17 | T205: =IF($C205="","",IF(ISNA(MATCH($C205,Comparativosimulacros!$E:$E,0)),"Falta en Comparativo","Sí está"))
A206: 701 | D206: Hernández García Mariana | G206: 2.58 | H206: 3.59 | I206: 2.64 | J206: 1.33 | K206: 3.37 | L206: =IF(OR($A206="",$N206=0),"",COUNTIFS($A$5:$A$1500,$A206,$N$5:$N$1500,">"&$N206)+1) | M206: =IF(OR($A206="",$N206=0),"",IF(AND($A206>=1001,$A206<=1005),COUNTIFS($A$5:$A$1500,">=1001",$A$5:$A$1500,"<=1005",$N$5:$N$1500,">"&$N206)+1,"")) | N206: =ROUND(((O206*3+P206*3+Q206*3+R206*3+S206*1)/13)*5,0) | O206: 40 | P206: 52.26 | Q206: 39.38 | R206: 19.17 | S206: 50 | T206: =IF($C206="","",IF(ISNA(MATCH($C206,Comparativosimulacros!$E:$E,0)),"Falta en Comparativo","Sí está"))
A207: 701 | D207: Hidalgo Garcés Yariani | G207: 2.58 | H207: 1.96 | I207: 3.34 | J207: 3.32 | K207: 3.09 | L207: =IF(OR($A207="",$N207=0),"",COUNTIFS($A$5:$A$1500,$A207,$N$5:$N$1500,">"&$N207)+1) | M207: =IF(OR($A207="",$N207=0),"",IF(AND($A207>=1001,$A207<=1005),COUNTIFS($A$5:$A$1500,">=1001",$A$5:$A$1500,"<=1005",$N$5:$N$1500,">"&$N207)+1,"")) | N207: =ROUND(((O207*3+P207*3+Q207*3+R207*3+S207*1)/13)*5,0) | O207: 40 | P207: 28.45 | Q207: 49.88 | R207: 47.92 | S207: 45.83 | T207: =IF($C207="","",IF(ISNA(MATCH($C207,Comparativosimulacros!$E:$E,0)),"Falta en Comparativo","Sí está"))
A208: 701 | D208: Idarraga Monsalve Santiago | G208: 4.2 | H208: 2.8 | I208: 3.17 | J208: 2.66 | K208: 2.53 | L208: =IF(OR($A208="",$N208=0),"",COUNTIFS($A$5:$A$1500,$A208,$N$5:$N$1500,">"&$N208)+1) | M208: =IF(OR($A208="",$N208=0),"",IF(AND($A208>=1001,$A208<=1005),COUNTIFS($A$5:$A$1500,">=1001",$A$5:$A$1500,"<=1005",$N$5:$N$1500,">"&$N208)+1,"")) | N208: =ROUND(((O208*3+P208*3+Q208*3+R208*3+S208*1)/13)*5,0) | O208: 65 | P208: 40.71 | Q208: 47.25 | R208: 38.33 | S208: 37.5 | T208: =IF($C208="","",IF(ISNA(MATCH($C208,Comparativosimulacros!$E:$E,0)),"Falta en Comparativo","Sí está"))
A209: 701 | D209: Loaiza Alcaraz Tomas | G209: 4.68 | H209: 3.48 | I209: 4.75 | J209: 3.32 | K209: 3.37 | L209: =IF(OR($A209="",$N209=0),"",COUNTIFS($A$5:$A$1500,$A209,$N$5:$N$1500,">"&$N209)+1) | M209: =IF(OR($A209="",$N209=0),"",IF(AND($A209>=1001,$A209<=1005),COUNTIFS($A$5:$A$1500,">=1001",$A$5:$A$1500,"<=1005",$N$5:$N$1500,">"&$N209)+1,"")) | N209: =ROUND(((O209*3+P209*3+Q209*3+R209*3+S209*1)/13)*5,0) | O209: 72.5 | P209: 50.65 | Q209: 70.88 | R209: 47.92 | S209: 50 | T209: =IF($C209="","",IF(ISNA(MATCH($C209,Comparativosimulacros!$E:$E,0)),"Falta en Comparativo","Sí está"))
A210: 701 | D210: Martínez Betin Adrian David | G210: 2.58 | H210: 3.36 | I210: 2.64 | J210: 3.65 | K210: 3.09 | L210: =IF(OR($A210="",$N210=0),"",COUNTIFS($A$5:$A$1500,$A210,$N$5:$N$1500,">"&$N210)+1) | M210: =IF(OR($A210="",$N210=0),"",IF(AND($A210>=1001,$A210<=1005),COUNTIFS($A$5:$A$1500,">=1001",$A$5:$A$1500,"<=1005",$N$5:$N$1500,">"&$N210)+1,"")) | N210: =ROUND(((O210*3+P210*3+Q210*3+R210*3+S210*1)/13)*5,0) | O210: 40 | P210: 48.81 | Q210: 39.38 | R210: 52.71 | S210: 45.83 | T210: =IF($C210="","",IF(ISNA(MATCH($C210,Comparativosimulacros!$E:$E,0)),"Falta en Comparativo","Sí está"))
A211: 701 | D211: Martínez Hernández Luciana | G211: 3.87 | H211: 3.23 | I211: 1.76 | J211: 2.99 | K211: 2.53 | L211: =IF(OR($A211="",$N211=0),"",COUNTIFS($A$5:$A$1500,$A211,$N$5:$N$1500,">"&$N211)+1) | M211: =IF(OR($A211="",$N211=0),"",IF(AND($A211>=1001,$A211<=1005),COUNTIFS($A$5:$A$1500,">=1001",$A$5:$A$1500,"<=1005",$N$5:$N$1500,">"&$N211)+1,"")) | N211: =ROUND(((O211*3+P211*3+Q211*3+R211*3+S211*1)/13)*5,0) | O211: 60 | P211: 46.96 | Q211: 26.25 | R211: 43.13 | S211: 37.5 | T211: =IF($C211="","",IF(ISNA(MATCH($C211,Comparativosimulacros!$E:$E,0)),"Falta en Comparativo","Sí está"))
... A214: 701 | D214: Molina Giraldo Maxiemiliano | G214: 3.87 | H214: 3.36 | I214: 2.64 | J214: 2.99 | K214: 3.65 | L214: =IF(OR($A214="",$N214=0),"",COUNTIFS($A$5:$A$1500,$A214,$N$5:$N$1500,">"&$N214)+1) | M214: =IF(OR($A214="",$N214=0),"",IF(AND($A214>=1001,$A214<=1005),COUNTIFS($A$5:$A$1500,">=1001",$A$5:$A$1500,"<=1005",$N$5:$N$1500,">"&$N214)+1,"")) | N214: =ROUND(((O214*3+P214*3+Q214*3+R214*3+S214*1)/13)*5,0) | O214: 60 | P214: 48.81 | Q214: 39.38 | R214: 43.13 | S214: 54.17 | T214: =IF($C214="","",IF(ISNA(MATCH($C214,Comparativosimulacros!$E:$E,0)),"Falta en Comparativo","Sí está"))
A215: 701 | D215: Morales Berrio Juliana | L215: =IF(OR($A215="",$N215=0),"",COUNTIFS($A$5:$A$1500,$A215,$N$5:$N$1500,">"&$N215)+1) | M215: =IF(OR($A215="",$N215=0),"",IF(AND($A215>=1001,$A215<=1005),COUNTIFS($A$5:$A$1500,">=1001",$A$5:$A$1500,"<=1005",$N$5:$N$1500,">"&$N215)+1,"")) | N215: =ROUND(((O215*3+P215*3+Q215*3+R215*3+S215*1)/13)*5,0) | O215: 48 | P215: 38 | Q215: 45 | R215: 55 | S215: 60 | T215: =IF($C215="","",IF(ISNA(MATCH($C215,Comparativosimulacros!$E:$E,0)),"Falta en Comparativo","Sí está"))
A216: 701 | D216: Ortiz Garcia Maritza | G216: 2.99 | H216: 2.23 | I216: 2.99 | J216: 2.99 | K216: 2.81 | L216: =IF(OR($A216="",$N216=0),"",COUNTIFS($A$5:$A$1500,$A216,$N$5:$N$1500,">"&$N216)+1) | M216: =IF(OR($A216="",$N216=0),"",IF(AND($A216>=1001,$A216<=1005),COUNTIFS($A$5:$A$1500,">=1001",$A$5:$A$1500,"<=1005",$N$5:$N$1500,">"&$N216)+1,"")) | N216: =ROUND(((O216*3+P216*3+Q216*3+R216*3+S216*1)/13)*5,0) | O216: 46.25 | P216: 32.38 | Q216: 44.63 | R216: 43.13 | S216: 41.67 | T216: =IF($C216="","",IF(ISNA(MATCH($C216,Comparativosimulacros!$E:$E,0)),"Falta en Comparativo","Sí está"))
A217: 701 | D217: Posada Sanmartín Manuel David | G217: 4.07 | H217: 3.05 | I217: 3.34 | J217: 3.65 | K217: 3.09 | L217: =IF(OR($A217="",$N217=0),"",COUNTIFS($A$5:$A$1500,$A217,$N$5:$N$1500,">"&$N217)+1) | M217: =IF(OR($A217="",$N217=0),"",IF(AND($A217>=1001,$A217<=1005),COUNTIFS($A$5:$A$1500,">=1001",$A$5:$A$1500,"<=1005",$N$5:$N$1500,">"&$N217)+1,"")) | N217: =ROUND(((O217*3+P217*3+Q217*3+R217*3+S217*1)/13)*5,0) | O217: 63.13 | P217: 44.4 | Q217: 49.88 | R217: 52.71 | S217: 45.83 | T217: =IF($C217="","",IF(ISNA(MATCH($C217,Comparativosimulacros!$E:$E,0)),"Falta en Comparativo","Sí está"))
A218: 701 | D218: Sierra Polo Andrés Felipe | G218: 3.99 | H218: 5 | I218: 4.58 | J218: 4.98 | K218: 3.65 | L218: =IF(OR($A218="",$N218=0),"",COUNTIFS($A$5:$A$1500,$A218,$N$5:$N$1500,">"&$N218)+1) | M218: =IF(OR($A218="",$N218=0),"",IF(AND($A218>=1001,$A218<=1005),COUNTIFS($A$5:$A$1500,">=1001",$A$5:$A$1500,"<=1005",$N$5:$N$1500,">"&$N218)+1,"")) | N218: =ROUND(((O218*3+P218*3+Q218*3+R218*3+S218*1)/13)*5,0) | O218: 61.88 | P218: 77.26 | Q218: 68.25 | R218: 71.88 | S218: 54.17 | T218: =IF($C218="","",IF(ISNA(MATCH($C218,Comparativosimulacros!$E:$E,0)),"Falta en Comparativo","Sí está"))
A219: 701 | D219: Úsuga Beltrán María Guadalupe | G219: 4.48 | H219: 3.36 | I219: 4.76 | J219: 2.66 | K219: 3.93 | L219: =IF(OR($A219="",$N219=0),"",COUNTIFS($A$5:$A$1500,$A219,$N$5:$N$1500,">"&$N219)+1) | M219: =IF(OR($A219="",$N219=0),"",IF(AND($A219>=1001,$A219<=1005),COUNTIFS($A$5:$A$1500,">=1001",$A$5:$A$1500,"<=1005",$N$5:$N$1500,">"&$N219)+1,"")) | N219: =ROUND(((O219*3+P219*3+Q219*3+R219*3+S219*1)/13)*5,0) | O219: 69.38 | P219: 48.81 | Q219: 71 | R219: 38.33 | S219: 58.33 | T219: =IF($C219="","",IF(ISNA(MATCH($C219,Comparativosimulacros!$E:$E,0)),"Falta en Comparativo","Sí está"))
A220: 701 | D220: Usuga Garcés Miguel Ángel | G220: 4.07 | H220: 1.81 | I220: 1.94 | J220: 2.66 | K220: 2.53 | L220: =IF(OR($A220="",$N220=0),"",COUNTIFS($A$5:$A$1500,$A220,$N$5:$N$1500,">"&$N220)+1) | M220: =IF(OR($A220="",$N220=0),"",IF(AND($A220>=1001,$A220<=1005),COUNTIFS($A$5:$A$1500,">=1001",$A$5:$A$1500,"<=1005",$N$5:$N$1500,">"&$N220)+1,"")) | N220: =ROUND(((O220*3+P220*3+Q220*3+R220*3+S220*1)/13)*5,0) | O220: 63.13 | P220: 26.37 | Q220: 28.88 | R220: 38.33 | S220: 37.5 | T220: =IF($C220="","",IF(ISNA(MATCH($C220,Comparativosimulacros!$E:$E,0)),"Falta en Comparativo","Sí está"))
A221: 701 | D221: Velásquez Holguín Zharick Manuela | G221: 3.07 | H221: 4.4 | I221: 4.75 | J221: 4.31 | K221: 3.09 | L221: =IF(OR($A221="",$N221=0),"",COUNTIFS($A$5:$A$1500,$A221,$N$5:$N$1500,">"&$N221)+1) | M221: =IF(OR($A221="",$N221=0),"",IF(AND($A221>=1001,$A221<=1005),COUNTIFS($A$5:$A$1500,">=1001",$A$5:$A$1500,"<=1005",$N$5:$N$1500,">"&$N221)+1,"")) | N221: =ROUND(((O221*3+P221*3+Q221*3+R221*3+S221*1)/13)*5,0) | O221: 47.5 | P221: 64.05 | Q221: 70.88 | R221: 62.29 | S221: 45.83 | T221: =IF($C221="","",IF(ISNA(MATCH($C221,Comparativosimulacros!$E:$E,0)),"Falta en Comparativo","Sí está"))
A222: 702 | D222: Alvarez Murillo Guadalupe | G222: 4.94 | H222: 2.87 | I222: 3.62 | J222: 3.65 | K222: 5 | L222: =IF(OR($A222="",$N222=0),"",COUNTIFS($A$5:$A$1500,$A222,$N$5:$N$1500,">"&$N222)+1) | M222: =IF(OR($A222="",$N222=0),"",IF(AND($A222>=1001,$A222<=1005),COUNTIFS($A$5:$A$1500,">=1001",$A$5:$A$1500,"<=1005",$N$5:$N$1500,">"&$N222)+1,"")) | N222: =ROUND(((O222*3+P222*3+Q222*3+R222*3+S222*1)/13)*5,0) | O222: 78.13 | P222: 41.37 | Q222: 50 | R222: 55 | S222: 77.92 | T222: =IF($C222="","",IF(ISNA(MATCH($C222,Comparativosimulacros!$E:$E,0)),"Falta en Comparativo","Sí está"))
A223: 702 | D223: Ángel Ortiz Salome | G223: 2.76 | H223: 2.46 | I223: 2.35 | J223: 1.52 | K223: 3.09 | L223: =IF(OR($A223="",$N223=0),"",COUNTIFS($A$5:$A$1500,$A223,$N$5:$N$1500,">"&$N223)+1) | M223: =IF(OR($A223="",$N223=0),"",IF(AND($A223>=1001,$A223<=1005),COUNTIFS($A$5:$A$1500,">=1001",$A$5:$A$1500,"<=1005",$N$5:$N$1500,">"&$N223)+1,"")) | N223: =ROUND(((O223*3+P223*3+Q223*3+R223*3+S223*1)/13)*5,0) | O223: 43.75 | P223: 35.42 | Q223: 32.5 | R223: 22.92 | S223: 45.83 | T223: =IF($C223="","",IF(ISNA(MATCH($C223,Comparativosimulacros!$E:$E,0)),"Falta en Comparativo","Sí está"))
A224: 702 | D224: Arango Martínez Samuel | G224: 1.97 | H224: 3.41 | I224: 3.62 | J224: 3.04 | K224: 3.4 | L224: =IF(OR($A224="",$N224=0),"",COUNTIFS($A$5:$A$1500,$A224,$N$5:$N$1500,">"&$N224)+1) | M224: =IF(OR($A224="",$N224=0),"",IF(AND($A224>=1001,$A224<=1005),COUNTIFS($A$5:$A$1500,">=1001",$A$5:$A$1500,"<=1005",$N$5:$N$1500,">"&$N224)+1,"")) | N224: =ROUND(((O224*3+P224*3+Q224*3+R224*3+S224*1)/13)*5,0) | O224: 31.25 | P224: 49.11 | Q224: 50 | R224: 45.83 | S224: 50.42 | T224: =IF($C224="","",IF(ISNA(MATCH($C224,Comparativosimulacros!$E:$E,0)),"Falta en Comparativo","Sí está"))
...

Sheet Comparativosimulacros
K1: Primer Simulacro | Y1: Segundo Simulacro | AM1: Comparativo Segundo y Primer Simulacro | BB1: Prueba Saber 11 real aplicada (solo undécimo) | BI1: Estrategias de preparación (solo undécimo) | BM1: Promoción
A2: Perfil Sociodemográfico | K2: Puntaje | T2: Niveles de Desempeño | Y2: Puntaje | AH2: Niveles de Desempeño | AM2: Puntaje y posición (Segundo − Primero) | AV2: Niveles de Desempeño (Segundo − Primero: + subió de nivel) | BB2: Puntaje | BH2: Comparación | BI2: =COUNTIF(BI4:BI1500,"Sí") | BJ2: =COUNTIF(BJ4:BJ1500,"Sí") | BK2: =COUNTIF(BK4:BK1500,"Sí") | BL2: Registro | BM2: =COUNTIF(BM4:BM1500,"Sí")
A3: Diagnóstico | B3: Sede | C3: Grupo | D3: Sexo | E3: Documento | F3: Nombre completo | G3: Primer apellido | H3: Segundo apellido | I3: Primer nombre | J3: Segundo nombre | K3: Puntaje Global | L3: Posición dentro del Respectivo Grupo | M3: Posición dentro del Grado | N3: Posición dentro de Décimos y Undécimos | O3: Matemática | P3: Ciencias Naturales | Q3: Sociales y Ciudadanas | R3: Lectura Crítica | S3: Inglés | T3: Matemática | U3: Ciencias Naturales | V3: Sociales y Ciudadanas | W3: Lectura Crítica | X3: Inglés | Y3: Puntaje Global | Z3: Posición dentro del Respectivo Grupo | AA3: Posición dentro del Grado | AB3: Posición dentro de Décimos y Undécimos | AC3: Matemática | AD3: Ciencias Naturales | AE3: Sociales y Ciudadanas | AF3: Lectura Crítica | AG3: Inglés | AH3: Matemática | AI3: Ciencias Naturales | AJ3: Sociales y Ciudadanas | AK3: Lectura Crítica | AL3: Inglés | AM3: Puntaje Global (Segundo − Primero) | AN3: Cambio de posición en el grupo (− mejoró, + empeoró) | AO3: Cambio de posición en el grado (− mejoró, + empeoró) | AP3: Cambio de posición en décimos y undécimos (− mejoró, + empeoró) | AQ3: Matemática | AR3: Ciencias Naturales | AS3: Sociales y Ciudadanas | AT3: Lectura Crítica | AU3: Inglés | AV3: Matemática | AW3: Ciencias Naturales | AX3: Sociales y Ciudadanas | AY3: Lectura Crítica | AZ3: Inglés | BA3: Comparativo | BB3: Puntaje Global (0–500) | BC3: Matemática | BD3: Ciencias Naturales | BE3: Sociales y Ciudadanas | BF3: Lectura Crítica | BG3: Inglés | BH3: Diferencia Global (Saber 11 real − Segundo Simulacro) | BI3: Preicfes municipal | BJ3: Semestre cero | BK3: Preicfes intensivo | BL3: Otra estrategia / observaciones | BM3: Posible promoción
B4: Bachillerato | C4: 601 | F4: =TRIM(G4&" "&H4&" "&I4&" "&J4) | G4: Acevedo | H4: Castañeda | I4: Luciana | K4: =IF(SUM(O4:S4)=0, "", ROUND(((O4*3+P4*3+Q4*3+R4*3+S4*1)/13)*5,0)) | L4: =IF(OR($C4="",K4=""),"",COUNTIFS($C$4:$C$1500,$C4,K$4:K$1500,">"&K4)+1) | M4: =IF(OR($C4="",K4=""),"",IF(AND($C4>=1001,$C4<=1005),COUNTIFS($C$4:$C$1500,">=1001",$C$4:$C$1500,"<=1005",K$4:K$1500,">"&K4)+1,IF(AND($C4>=1101,$C4<=1105),COUNTIFS($C$4:$C$1500,">=1101",$C$4:$C$1500,"<=1105",K$4:K$1500,">"&K4)+1,IF(AND($C4>=901,$C4<=905),COUNTIFS($C$4:$C$1500,">=901",$C$4:$C$1500,"<=905",K$4:K$1500,">"&K4)+1,IF(AND($C4>=801,$C4<=805),COUNTIFS($C$4:$C$1500,">=801",$C$4:$C$1500,"<=805",K$4:K$1500,">"&K4)+1,IF(AND($C4>=701,$C4<=705),COUNTIFS($C$4:$C$1500,">=701",$C$4:$C$1500,"<=705",K$4:K$1500,">"&K4)+1,IF(AND($C4>=601,$C4<=606),COUNTIFS($C$4:$C$1500,">=601",$C$4:$C$1500,"<=606",K$4:K$1500,">"&K4)+1,""))))))) | N4: =IF(OR($C4="",K4=""),"",IF(OR(AND($C4>=1001,$C4<=1005),AND($C4>=1101,$C4<=1105)),COUNTIFS($C$4:$C$1500,">=1001",$C$4:$C$1500,"<=1005",K$4:K$1500,">"&K4)+COUNTIFS($C$4:$C$1500,">=1101",$C$4:$C$1500,"<=1105",K$4:K$1500,">"&K4)+1,"")) | O4: 26.58 | P4: 55.97 | Q4: 33.61 | R4: 43.13 | S4: 33.54 | T4: =IF(AND(O4>0,O4<36),1,IF(AND(O4>=36,O4<51),2,IF(AND(O4>=51,O4<71),3,IF(AND(O4>=71,O4<=100),4,)))) | U4: =IF(AND(P4>0,P4<41),1,IF(AND(P4>=41,P4<56),2,IF(AND(P4>=56,P4<71),3,IF(AND(P4>=71,P4<=100),4,)))) | V4: =IF(AND(Q4>0,Q4<41),1,IF(AND(Q4>=41,Q4<56),2,IF(AND(Q4>=56,Q4<71),3,IF(AND(Q4>=71,Q4<=100),4,)))) | W4: =IF(AND(R4>0,R4<36),1,IF(AND(R4>=36,R4<51),2,IF(AND(R4>=51,R4<66),3,IF(AND(R4>=66,R4<=100),4,)))) | X4: =IF(AND(S4>0,S4<37),1,IF(AND(S4>=37,S4<58),2,IF(AND(S4>=58,S4<71),3,IF(AND(S4>=71,S4<=100),4,)))) | Y4: =IF(SUM(AC4:AG4)=0, "", ROUND(((AC4*3+AD4*3+AE4*3+AF4*3+AG4*1)/13)*5,0)) | Z4: =IF(OR($C4="",Y4=""),"",COUNTIFS($C$4:$C$1500,$C4,Y$4:Y$1500,">"&Y4)+1) | AA4: =IF(OR($C4="",Y4=""),"",IF(AND($C4>=1001,$C4<=1005),COUNTIFS($C$4:$C$1500,">=1001",$C$4:$C$1500,"<=1005",Y$4:Y$1500,">"&Y4)+1,IF(AND($C4>=1101,$C4<=1105),COUNTIFS($C$4:$C$1500,">=1101",$C$4:$C$1500,"<=1105",Y$4:Y$1500,">"&Y4)+1,IF(AND($C4>=901,$C4<=905),COUNTIFS($C$4:$C$1500,">=901",$C$4:$C$1500,"<=905",Y$4:Y$1500,">"&Y4)+1,IF(AND($C4>=801,$C4<=805),COUNTIFS($C$4:$C$1500,">=801",$C$4:$C$1500,"<=805",Y$4:Y$1500,">"&Y4)+1,IF(AND($C4>=701,$C4<=705),COUNTIFS($C$4:$C$1500,">=701",$C$4:$C$1500,"<=705",Y$4:Y$1500,">"&Y4)+1,IF(AND($C4>=601,$C4<=606),COUNTIFS($C$4:$C$1500,">=601",$C$4:$C$1500,"<=606",Y$4:Y$1500,">"&Y4)+1,""))))))) | AB4: =IF(OR($C4="",Y4=""),"",IF(OR(AND($C4>=1001,$C4<=1005),AND($C4>=1101,$C4<=1105)),COUNTIFS($C$4:$C$1500,">=1001",$C$4:$C$1500,"<=1005",Y$4:Y$1500,">"&Y4)+COUNTIFS($C$4:$C$1500,">=1101",$C$4:$C$1500,"<=1105",Y$4:Y$1500,">"&Y4)+1,"")) | AC4: 44 | AD4: 47.26 | AE4: 52.25 | AF4: 52.5 | AG4: 64.17 | AH4: =IF(AND(AC4>0,AC4<36),1,IF(AND(AC4>=36,AC4<51),2,IF(AND(AC4>=51,AC4<71),3,IF(AND(AC4>=71,AC4<=100),4,)))) | AI4: =IF(AND(AD4>0,AD4<41),1,IF(AND(AD4>=41,AD4<56),2,IF(AND(AD4>=56,AD4<71),3,IF(AND(AD4>=71,AD4<=100),4,)))) | AJ4: =IF(AND(AE4>0,AE4<41),1,IF(AND(AE4>=41,AE4<56),2,IF(AND(AE4>=56,AE4<71),3,IF(AND(AE4>=71,AE4<=100),4,)))) | AK4: =IF(AND(AF4>0,AF4<36),1,IF(AND(AF4>=36,AF4<51),2,IF(AND(AF4>=51,AF4<66),3,IF(AND(AF4>=66,AF4<=100),4,)))) | AL4: =IF(AND(AG4>0,AG4<37),1,IF(AND(AG4>=37,AG4<58),2,IF(AND(AG4>=58,AG4<71),3,IF(AND(AG4>=71,AG4<=100),4,)))) | AM4: =IF((Y4<>"")*(K4<>""),Y4-K4,"") | AN4: =IF((Z4<>"")*(L4<>""),Z4-L4,"") | AO4: =IF((AA4<>"")*(M4<>""),AA4-M4,"") | AP4: =IF((AB4<>"")*(N4<>""),AB4-N4,"") | AQ4: =IF((AC4<>"")*(O4<>""),AC4-O4,"") | AR4: =IF((AD4<>"")*(P4<>""),AD4-P4,"") | AS4: =IF((AE4<>"")*(Q4<>""),AE4-Q4,"") | AT4: =IF((AF4<>"")*(R4<>""),AF4-R4,"") | ... AZ4: =IF((AL4<>"")*(X4<>""),AL4-X4,"") | BA4: =IFERROR(__xludf.dummyfunction("AI(""Actúa como un tutor académico y dirígete personalmente al estudiante "" & I4 & "" "" & J4 & "" "" & G4 & "" "" & H4 & "" hablándole en segunda persona (tú). INSTRUCCIÓN VITAL: A continuación te daré un dato llamado 'Diferencia Global'. Si ese dato es"&"tá vacío o no es un número, significa que el estudiante solo presentó un simulacro; en ese caso, NO hagas comparativos ni hables de evolución, solo redacta un mensaje motivador destacando sus fortalezas y áreas a mejorar basándote en los puntajes del simu"&"lacro que sí presentó. Si la 'Diferencia Global' sí tiene un número, analiza su evolución y su avance o retroceso en el ranking. DATOS DEL ESTUDIANTE -> Diferencia Global: '"" & AM4 & ""'. Diferencias por área: Matemáticas ("" & AQ4 & ""), Ciencias Natura"&"les ("" & AR4 & ""), Sociales ("" & AS4 & ""), Lectura Crítica ("" & AT4 & "") e Inglés ("" & AU4 & ""). Variación en posición: grupo ("" & AN4 & ""), grado ("" & AO4 & "") y media ("" & AP4 & ""). Puntajes Primer Simulacro: Global "" & K4 & "", Mat "" & "&"O4 & "", Cien "" & P4 & "", Soc "" & Q4 & "", Lec "" & R4 & "", Ing "" & S4 & "". Puntajes Segundo Simulacro: Global "" & Y4 & "", Mat "" & AC4 & "", Cien "" & AD4 & "", Soc "" & AE4 & "", Lec "" & AF4 & "", Ing "" & AG4 & "". Escribe un mensaje motivador"&" y breve (máximo 4 líneas)."") "),"=AI(""Actúa como un tutor académico y dirígete personalmente al estudiante "" & I4 & "" "" & J4 & "" "" & G4 & "" "" & H4 & "" hablándole en segunda persona (tú). INSTRUCCIÓN VITAL: A continuación te daré un dato llamado 'Diferencia Global'. Si ese dato e"&"stá vacío o no es un número, significa que el estudiante solo presentó un simulacro; en ese caso, NO hagas comparativos ni hables de evolución, solo redacta un mensaje motivador destacando sus fortalezas y áreas a mejorar basándote en los puntajes del sim"&"ulacro que sí presentó. Si la 'Diferencia Global' sí tiene un número, analiza su evolución y su avance o retroceso en el ranking. DATOS DEL ESTUDIANTE -> Diferencia Global: '"" & AM4 & ""'. Diferencias por área: Matemáticas ("" & AQ4 & ""), Ciencias Natur"&"ales ("" & AR4 & ""), Sociales ("" & AS4 & ""), Lectura Crítica ("" & AT4 & "") e Inglés ("" & AU4 & ""). Variación en posición: grupo ("" & AN4 & ""), grado ("" & AO4 & "") y media ("" & AP4 & ""). Puntajes Primer Simulacro: Global "" & K4 & "", Mat "" &"&" O4 & "", Cien "" & P4 & "", Soc "" & Q4 & "", Lec "" & R4 & "", Ing "" & S4 & "". Puntajes Segundo Simulacro: Global "" & Y4 & "", Mat "" & AC4 & "", Cien "" & AD4 & "", Soc "" & AE4 & "", Lec "" & AF4 & "", Ing "" & AG4 & "". Escribe un mensaje motivado"&"r y breve (máximo 4 líneas)."") ")
B5: Bachillerato | C5: 601 | F5: =TRIM(G5&" "&H5&" "&I5&" "&J5) | G5: Aguiar | H5: García | I5: Jesús | J5: Antonio | K5: =IF(SUM(O5:S5)=0, "", ROUND(((O5*3+P5*3+Q5*3+R5*3+S5*1)/13)*5,0)) | L5: =IF(OR($C5="",K5=""),"",COUNTIFS($C$4:$C$1500,$C5,K$4:K$1500,">"&K5)+1) | M5: =IF(OR($C5="",K5=""),"",IF(AND($C5>=1001,$C5<=1005),COUNTIFS($C$4:$C$1500,">=1001",$C$4:$C$1500,"<=1005",K$4:K$1500,">"&K5)+1,IF(AND($C5>=1101,$C5<=1105),COUNTIFS($C$4:$C$1500,">=1101",$C$4:$C$1500,"<=1105",K$4:K$1500,">"&K5)+1,IF(AND($C5>=901,$C5<=905),COUNTIFS($C$4:$C$1500,">=901",$C$4:$C$1500,"<=905",K$4:K$1500,">"&K5)+1,IF(AND($C5>=801,$C5<=805),COUNTIFS($C$4:$C$1500,">=801",$C$4:$C$1500,"<=805",K$4:K$1500,">"&K5)+1,IF(AND($C5>=701,$C5<=705),COUNTIFS($C$4:$C$1500,">=701",$C$4:$C$1500,"<=705",K$4:K$1500,">"&K5)+1,IF(AND($C5>=601,$C5<=606),COUNTIFS($C$4:$C$1500,">=601",$C$4:$C$1500,"<=606",K$4:K$1500,">"&K5)+1,""))))))) | N5: =IF(OR($C5="",K5=""),"",IF(OR(AND($C5>=1001,$C5<=1005),AND($C5>=1101,$C5<=1105)),COUNTIFS($C$4:$C$1500,">=1001",$C$4:$C$1500,"<=1005",K$4:K$1500,">"&K5)+COUNTIFS($C$4:$C$1500,">=1101",$C$4:$C$1500,"<=1105",K$4:K$1500,">"&K5)+1,"")) | O5: 31.41 | P5: 35.42 | Q5: 21.85 | R5: 47.92 | S5: 28.75 | T5: =IF(AND(O5>0,O5<36),1,IF(AND(O5>=36,O5<51),2,IF(AND(O5>=51,O5<71),3,IF(AND(O5>=71,O5<=100),4,)))) | U5: =IF(AND(P5>0,P5<41),1,IF(AND(P5>=41,P5<56),2,IF(AND(P5>=56,P5<71),3,IF(AND(P5>=71,P5<=100),4,)))) | V5: =IF(AND(Q5>0,Q5<41),1,IF(AND(Q5>=41,Q5<56),2,IF(AND(Q5>=56,Q5<71),3,IF(AND(Q5>=71,Q5<=100),4,)))) | W5: =IF(AND(R5>0,R5<36),1,IF(AND(R5>=36,R5<51),2,IF(AND(R5>=51,R5<66),3,IF(AND(R5>=66,R5<=100),4,)))) | X5: =IF(AND(S5>0,S5<37),1,IF(AND(S5>=37,S5<58),2,IF(AND(S5>=58,S5<71),3,IF(AND(S5>=71,S5<=100),4,)))) | Y5: =IF(SUM(AC5:AG5)=0, "", ROUND(((AC5*3+AD5*3+AE5*3+AF5*3+AG5*1)/13)*5,0)) | Z5: =IF(OR($C5="",Y5=""),"",COUNTIFS($C$4:$C$1500,$C5,Y$4:Y$1500,">"&Y5)+1) | AA5: =IF(OR($C5="",Y5=""),"",IF(AND($C5>=1001,$C5<=1005),COUNTIFS($C$4:$C$1500,">=1001",$C$4:$C$1500,"<=1005",Y$4:Y$1500,">"&Y5)+1,IF(AND($C5>=1101,$C5<=1105),COUNTIFS($C$4:$C$1500,">=1101",$C$4:$C$1500,"<=1105",Y$4:Y$1500,">"&Y5)+1,IF(AND($C5>=901,$C5<=905),COUNTIFS($C$4:$C$1500,">=901",$C$4:$C$1500,"<=905",Y$4:Y$1500,">"&Y5)+1,IF(AND($C5>=801,$C5<=805),COUNTIFS($C$4:$C$1500,">=801",$C$4:$C$1500,"<=805",Y$4:Y$1500,">"&Y5)+1,IF(AND($C5>=701,$C5<=705),COUNTIFS($C$4:$C$1500,">=701",$C$4:$C$1500,"<=705",Y$4:Y$1500,">"&Y5)+1,IF(AND($C5>=601,$C5<=606),COUNTIFS($C$4:$C$1500,">=601",$C$4:$C$1500,"<=606",Y$4:Y$1500,">"&Y5)+1,""))))))) | AB5: =IF(OR($C5="",Y5=""),"",IF(OR(AND($C5>=1001,$C5<=1005),AND($C5>=1101,$C5<=1105)),COUNTIFS($C$4:$C$1500,">=1001",$C$4:$C$1500,"<=1005",Y$4:Y$1500,">"&Y5)+COUNTIFS($C$4:$C$1500,">=1101",$C$4:$C$1500,"<=1105",Y$4:Y$1500,">"&Y5)+1,"")) | AC5: 44 | AD5: 47.26 | AE5: 35.75 | AF5: 35 | AG5: 59.58 | AH5: =IF(AND(AC5>0,AC5<36),1,IF(AND(AC5>=36,AC5<51),2,IF(AND(AC5>=51,AC5<71),3,IF(AND(AC5>=71,AC5<=100),4,)))) | AI5: =IF(AND(AD5>0,AD5<41),1,IF(AND(AD5>=41,AD5<56),2,IF(AND(AD5>=56,AD5<71),3,IF(AND(AD5>=71,AD5<=100),4,)))) | AJ5: =IF(AND(AE5>0,AE5<41),1,IF(AND(AE5>=41,AE5<56),2,IF(AND(AE5>=56,AE5<71),3,IF(AND(AE5>=71,AE5<=100),4,)))) | AK5: =IF(AND(AF5>0,AF5<36),1,IF(AND(AF5>=36,AF5<51),2,IF(AND(AF5>=51,AF5<66),3,IF(AND(AF5>=66,AF5<=100),4,)))) | AL5: =IF(AND(AG5>0,AG5<37),1,IF(AND(AG5>=37,AG5<58),2,IF(AND(AG5>=58,AG5<71),3,IF(AND(AG5>=71,AG5<=100),4,)))) | AM5: =IF((Y5<>"")*(K5<>""),Y5-K5,"") | AN5: =IF((Z5<>"")*(L5<>""),Z5-L5,"") | AO5: =IF((AA5<>"")*(M5<>""),AA5-M5,"") | AP5: =IF((AB5<>"")*(N5<>""),AB5-N5,"") | AQ5: =IF((AC5<>"")*(O5<>""),AC5-O5,"") | AR5: =IF((AD5<>"")*(P5<>""),AD5-P5,"") | AS5: =IF((AE5<>"")*(Q5<>""),AE5-Q5,"") | AT5: =IF((AF5<>"")*(R5<>""),AF5-R5,"") | ... AZ5: =IF((AL5<>"")*(X5<>""),AL5-X5,"") | BA5: =IFERROR(__xludf.dummyfunction("AI(""Actúa como un tutor académico y dirígete personalmente al estudiante "" & I5 & "" "" & J5 & "" "" & G5 & "" "" & H5 & "" hablándole en segunda persona (tú). INSTRUCCIÓN VITAL: A continuación te daré un dato llamado 'Diferencia Global'. Si ese dato es"&"tá vacío o no es un número, significa que el estudiante solo presentó un simulacro; en ese caso, NO hagas comparativos ni hables de evolución, solo redacta un mensaje motivador destacando sus fortalezas y áreas a mejorar basándote en los puntajes del simu"&"lacro que sí presentó. Si la 'Diferencia Global' sí tiene un número, analiza su evolución y su avance o retroceso en el ranking. DATOS DEL ESTUDIANTE -> Diferencia Global: '"" & AM5 & ""'. Diferencias por área: Matemáticas ("" & AQ5 & ""), Ciencias Natura"&"les ("" & AR5 & ""), Sociales ("" & AS5 & ""), Lectura Crítica ("" & AT5 & "") e Inglés ("" & AU5 & ""). Variación en posición: grupo ("" & AN5 & ""), grado ("" & AO5 & "") y media ("" & AP5 & ""). Puntajes Primer Simulacro: Global "" & K5 & "", Mat "" & "&"O4 & "", Cien "" & P5 & "", Soc "" & Q5 & "", Lec "" & R5 & "", Ing "" & S5 & "". Puntajes Segundo Simulacro: Global "" & Y5 & "", Mat "" & AC5 & "", Cien "" & AD5 & "", Soc "" & AE5 & "", Lec "" & AF5 & "", Ing "" & AG5 & "". Escribe un mensaje motivador"&" y breve (máximo 4 líneas)."") "),"=AI(""Actúa como un tutor académico y dirígete personalmente al estudiante "" & I5 & "" "" & J5 & "" "" & G5 & "" "" & H5 & "" hablándole en segunda persona (tú). INSTRUCCIÓN VITAL: A continuación te daré un dato llamado 'Diferencia Global'. Si ese dato e"&"stá vacío o no es un número, significa que el estudiante solo presentó un simulacro; en ese caso, NO hagas comparativos ni hables de evolución, solo redacta un mensaje motivador destacando sus fortalezas y áreas a mejorar basándote en los puntajes del sim"&"ulacro que sí presentó. Si la 'Diferencia Global' sí tiene un número, analiza su evolución y su avance o retroceso en el ranking. DATOS DEL ESTUDIANTE -> Diferencia Global: '"" & AM5 & ""'. Diferencias por área: Matemáticas ("" & AQ5 & ""), Ciencias Natur"&"ales ("" & AR5 & ""), Sociales ("" & AS5 & ""), Lectura Crítica ("" & AT5 & "") e Inglés ("" & AU5 & ""). Variación en posición: grupo ("" & AN5 & ""), grado ("" & AO5 & "") y media ("" & AP5 & ""). Puntajes Primer Simulacro: Global "" & K5 & "", Mat "" &"&" O5 & "", Cien "" & P5 & "", Soc "" & Q5 & "", Lec "" & R5 & "", Ing "" & S5 & "". Puntajes Segundo Simulacro: Global "" & Y5 & "", Mat "" & AC5 & "", Cien "" & AD5 & "", Soc "" & AE5 & "", Lec "" & AF5 & "", Ing "" & AG5 & "". Escribe un mensaje motivado"&"r y breve (máximo 4 líneas)."") ")
B6: Bachillerato | C6: 601 | F6: =TRIM(G6&" "&H6&" "&I6&" "&J6) | G6: Alcaraz | H6: Londoño | I6: Jean | J6: Pool | K6: =IF(SUM(O6:S6)=0, "", ROUND(((O6*3+P6*3+Q6*3+R6*3+S6*1)/13)*5,0)) | L6: =IF(OR($C6="",K6=""),"",COUNTIFS($C$4:$C$1500,$C6,K$4:K$1500,">"&K6)+1) | M6: =IF(OR($C6="",K6=""),"",IF(AND($C6>=1001,$C6<=1005),COUNTIFS($C$4:$C$1500,">=1001",$C$4:$C$1500,"<=1005",K$4:K$1500,">"&K6)+1,IF(AND($C6>=1101,$C6<=1105),COUNTIFS($C$4:$C$1500,">=1101",$C$4:$C$1500,"<=1105",K$4:K$1500,">"&K6)+1,IF(AND($C6>=901,$C6<=905),COUNTIFS($C$4:$C$1500,">=901",$C$4:$C$1500,"<=905",K$4:K$1500,">"&K6)+1,IF(AND($C6>=801,$C6<=805),COUNTIFS($C$4:$C$1500,">=801",$C$4:$C$1500,"<=805",K$4:K$1500,">"&K6)+1,IF(AND($C6>=701,$C6<=705),COUNTIFS($C$4:$C$1500,">=701",$C$4:$C$1500,"<=705",K$4:K$1500,">"&K6)+1,IF(AND($C6>=601,$C6<=606),COUNTIFS($C$4:$C$1500,">=601",$C$4:$C$1500,"<=606",K$4:K$1500,">"&K6)+1,""))))))) | N6: =IF(OR($C6="",K6=""),"",IF(OR(AND($C6>=1001,$C6<=1005),AND($C6>=1101,$C6<=1105)),COUNTIFS($C$4:$C$1500,">=1001",$C$4:$C$1500,"<=1005",K$4:K$1500,">"&K6)+COUNTIFS($C$4:$C$1500,">=1101",$C$4:$C$1500,"<=1105",K$4:K$1500,">"&K6)+1,"")) | O6: 46.39 | P6: 44.72 | Q6: 39.5 | R6: 43.13 | S6: 62.29 | T6: =IF(AND(O6>0,O6<36),1,IF(AND(O6>=36,O6<51),2,IF(AND(O6>=51,O6<71),3,IF(AND(O6>=71,O6<=100),4,)))) | U6: =IF(AND(P6>0,P6<41),1,IF(AND(P6>=41,P6<56),2,IF(AND(P6>=56,P6<71),3,IF(AND(P6>=71,P6<=100),4,)))) | V6: =IF(AND(Q6>0,Q6<41),1,IF(AND(Q6>=41,Q6<56),2,IF(AND(Q6>=56,Q6<71),3,IF(AND(Q6>=71,Q6<=100),4,)))) | W6: =IF(AND(R6>0,R6<36),1,IF(AND(R6>=36,R6<51),2,IF(AND(R6>=51,R6<66),3,IF(AND(R6>=66,R6<=100),4,)))) | X6: =IF(AND(S6>0,S6<37),1,IF(AND(S6>=37,S6<58),2,IF(AND(S6>=58,S6<71),3,IF(AND(S6>=71,S6<=100),4,)))) | Y6: =IF(SUM(AC6:AG6)=0, "", ROUND(((AC6*3+AD6*3+AE6*3+AF6*3+AG6*1)/13)*5,0)) | Z6: =IF(OR($C6="",Y6=""),"",COUNTIFS($C$4:$C$1500,$C6,Y$4:Y$1500,">"&Y6)+1) | AA6: =IF(OR($C6="",Y6=""),"",IF(AND($C6>=1001,$C6<=1005),COUNTIFS($C$4:$C$1500,">=1001",$C$4:$C$1500,"<=1005",Y$4:Y$1500,">"&Y6)+1,IF(AND($C6>=1101,$C6<=1105),COUNTIFS($C$4:$C$1500,">=1101",$C$4:$C$1500,"<=1105",Y$4:Y$1500,">"&Y6)+1,IF(AND($C6>=901,$C6<=905),COUNTIFS($C$4:$C$1500,">=901",$C$4:$C$1500,"<=905",Y$4:Y$1500,">"&Y6)+1,IF(AND($C6>=801,$C6<=805),COUNTIFS($C$4:$C$1500,">=801",$C$4:$C$1500,"<=805",Y$4:Y$1500,">"&Y6)+1,IF(AND($C6>=701,$C6<=705),COUNTIFS($C$4:$C$1500,">=701",$C$4:$C$1500,"<=705",Y$4:Y$1500,">"&Y6)+1,IF(AND($C6>=601,$C6<=606),COUNTIFS($C$4:$C$1500,">=601",$C$4:$C$1500,"<=606",Y$4:Y$1500,">"&Y6)+1,""))))))) | AB6: =IF(OR($C6="",Y6=""),"",IF(OR(AND($C6>=1001,$C6<=1005),AND($C6>=1101,$C6<=1105)),COUNTIFS($C$4:$C$1500,">=1001",$C$4:$C$1500,"<=1005",Y$4:Y$1500,">"&Y6)+COUNTIFS($C$4:$C$1500,">=1101",$C$4:$C$1500,"<=1105",Y$4:Y$1500,">"&Y6)+1,"")) | AC6: 52.25 | AD6: 60.95 | AE6: 35.75 | AF6: 39.38 | AG6: 68.75 | AH6: =IF(AND(AC6>0,AC6<36),1,IF(AND(AC6>=36,AC6<51),2,IF(AND(AC6>=51,AC6<71),3,IF(AND(AC6>=71,AC6<=100),4,)))) | AI6: =IF(AND(AD6>0,AD6<41),1,IF(AND(AD6>=41,AD6<56),2,IF(AND(AD6>=56,AD6<71),3,IF(AND(AD6>=71,AD6<=100),4,)))) | AJ6: =IF(AND(AE6>0,AE6<41),1,IF(AND(AE6>=41,AE6<56),2,IF(AND(AE6>=56,AE6<71),3,IF(AND(AE6>=71,AE6<=100),4,)))) | AK6: =IF(AND(AF6>0,AF6<36),1,IF(AND(AF6>=36,AF6<51),2,IF(AND(AF6>=51,AF6<66),3,IF(AND(AF6>=66,AF6<=100),4,)))) | AL6: =IF(AND(AG6>0,AG6<37),1,IF(AND(AG6>=37,AG6<58),2,IF(AND(AG6>=58,AG6<71),3,IF(AND(AG6>=71,AG6<=100),4,)))) | AM6: =IF((Y6<>"")*(K6<>""),Y6-K6,"") | AN6: =IF((Z6<>"")*(L6<>""),Z6-L6,"") | AO6: =IF((AA6<>"")*(M6<>""),AA6-M6,"") | AP6: =IF((AB6<>"")*(N6<>""),AB6-N6,"") | AQ6: =IF((AC6<>"")*(O6<>""),AC6-O6,"") | AR6: =IF((AD6<>"")*(P6<>""),AD6-P6,"") | AS6: =IF((AE6<>"")*(Q6<>""),AE6-Q6,"") | AT6: =IF((AF6<>"")*(R6<>""),AF6-R6,"") | ... AZ6: =IF((AL6<>"")*(X6<>""),AL6-X6,"") | BA6: =IFERROR(__xludf.dummyfunction("AI(""Actúa como un tutor académico y dirígete personalmente al estudiante "" & I6 & "" "" & J6 & "" "" & G6 & "" "" & H6 & "" hablándole en segunda persona (tú). INSTRUCCIÓN VITAL: A continuación te daré un dato llamado 'Diferencia Global'. Si ese dato es"&"tá vacío o no es un número, significa que el estudiante solo presentó un simulacro; en ese caso, NO hagas comparativos ni hables de evolución, solo redacta un mensaje motivador destacando sus fortalezas y áreas a mejorar basándote en los puntajes del simu"&"lacro que sí presentó. Si la 'Diferencia Global' sí tiene un número, analiza su evolución y su avance o retroceso en el ranking. DATOS DEL ESTUDIANTE -> Diferencia Global: '"" & AM6 & ""'. Diferencias por área: Matemáticas ("" & AQ6 & ""), Ciencias Natura"&"les ("" & AR6 & ""), Sociales ("" & AS6 & ""), Lectura Crítica ("" & AT6 & "") e Inglés ("" & AU6 & ""). Variación en posición: grupo ("" & AN6 & ""), grado ("" & AO6 & "") y media ("" & AP6 & ""). Puntajes Primer Simulacro: Global "" & K6 & "", Mat "" & "&"O4 & "", Cien "" & P6 & "", Soc "" & Q6 & "", Lec "" & R6 & "", Ing "" & S6 & "". Puntajes Segundo Simulacro: Global "" & Y6 & "", Mat "" & AC6 & "", Cien "" & AD6 & "", Soc "" & AE6 & "", Lec "" & AF6 & "", Ing "" & AG6 & "". Escribe un mensaje motivador"&" y breve (máximo 4 líneas)."") "),"=AI(""Actúa como un tutor académico y dirígete personalmente al estudiante "" & I6 & "" "" & J6 & "" "" & G6 & "" "" & H6 & "" hablándole en segunda persona (tú). INSTRUCCIÓN VITAL: A continuación te daré un dato llamado 'Diferencia Global'. Si ese dato e"&"stá vacío o no es un número, significa que el estudiante solo presentó un simulacro; en ese caso, NO hagas comparativos ni hables de evolución, solo redacta un mensaje motivador destacando sus fortalezas y áreas a mejorar basándote en los puntajes del sim"&"ulacro que sí presentó. Si la 'Diferencia Global' sí tiene un número, analiza su evolución y su avance o retroceso en el ranking. DATOS DEL ESTUDIANTE -> Diferencia Global: '"" & AM6 & ""'. Diferencias por área: Matemáticas ("" & AQ6 & ""), Ciencias Natur"&"ales ("" & AR6 & ""), Sociales ("" & AS6 & ""), Lectura Crítica ("" & AT6 & "") e Inglés ("" & AU6 & ""). Variación en posición: grupo ("" & AN6 & ""), grado ("" & AO6 & "") y media ("" & AP6 & ""). Puntajes Primer Simulacro: Global "" & K6 & "", Mat "" &"&" O6 & "", Cien "" & P6 & "", Soc "" & Q6 & "", Lec "" & R6 & "", Ing "" & S6 & "". Puntajes Segundo Simulacro: Global "" & Y6 & "", Mat "" & AC6 & "", Cien "" & AD6 & "", Soc "" & AE6 & "", Lec "" & AF6 & "", Ing "" & AG6 & "". Escribe un mensaje motivado"&"r y breve (máximo 4 líneas)."") ")
B7: Bachillerato | C7: 601 | F7: =TRIM(G7&" "&H7&" "&I7&" "&J7) | G7: Alcaraz | H7: Silva | I7: Cristian | J7: Kamilo | K7: =IF(SUM(O7:S7)=0, "", ROUND(((O7*3+P7*3+Q7*3+R7*3+S7*1)/13)*5,0)) | L7: =IF(OR($C7="",K7=""),"",COUNTIFS($C$4:$C$1500,$C7,K$4:K$1500,">"&K7)+1) | M7: =IF(OR($C7="",K7=""),"",IF(AND($C7>=1001,$C7<=1005),COUNTIFS($C$4:$C$1500,">=1001",$C$4:$C$1500,"<=1005",K$4:K$1500,">"&K7)+1,IF(AND($C7>=1101,$C7<=1105),COUNTIFS($C$4:$C$1500,">=1101",$C$4:$C$1500,"<=1105",K$4:K$1500,">"&K7)+1,IF(AND($C7>=901,$C7<=905),COUNTIFS($C$4:$C$1500,">=901",$C$4:$C$1500,"<=905",K$4:K$1500,">"&K7)+1,IF(AND($C7>=801,$C7<=805),COUNTIFS($C$4:$C$1500,">=801",$C$4:$C$1500,"<=805",K$4:K$1500,">"&K7)+1,IF(AND($C7>=701,$C7<=705),COUNTIFS($C$4:$C$1500,">=701",$C$4:$C$1500,"<=705",K$4:K$1500,">"&K7)+1,IF(AND($C7>=601,$C7<=606),COUNTIFS($C$4:$C$1500,">=601",$C$4:$C$1500,"<=606",K$4:K$1500,">"&K7)+1,""))))))) | N7: =IF(OR($C7="",K7=""),"",IF(OR(AND($C7>=1001,$C7<=1005),AND($C7>=1101,$C7<=1105)),COUNTIFS($C$4:$C$1500,">=1001",$C$4:$C$1500,"<=1005",K$4:K$1500,">"&K7)+COUNTIFS($C$4:$C$1500,">=1101",$C$4:$C$1500,"<=1105",K$4:K$1500,">"&K7)+1,"")) | O7: 49.77 | P7: 44.72 | Q7: 43.7 | R7: 23.96 | S7: 57.5 | T7: =IF(AND(O7>0,O7<36),1,IF(AND(O7>=36,O7<51),2,IF(AND(O7>=51,O7<71),3,IF(AND(O7>=71,O7<=100),4,)))) | U7: =IF(AND(P7>0,P7<41),1,IF(AND(P7>=41,P7<56),2,IF(AND(P7>=56,P7<71),3,IF(AND(P7>=71,P7<=100),4,)))) | V7: =IF(AND(Q7>0,Q7<41),1,IF(AND(Q7>=41,Q7<56),2,IF(AND(Q7>=56,Q7<71),3,IF(AND(Q7>=71,Q7<=100),4,)))) | W7: =IF(AND(R7>0,R7<36),1,IF(AND(R7>=36,R7<51),2,IF(AND(R7>=51,R7<66),3,IF(AND(R7>=66,R7<=100),4,)))) | X7: =IF(AND(S7>0,S7<37),1,IF(AND(S7>=37,S7<58),2,IF(AND(S7>=58,S7<71),3,IF(AND(S7>=71,S7<=100),4,)))) | Y7: =IF(SUM(AC7:AG7)=0, "", ROUND(((AC7*3+AD7*3+AE7*3+AF7*3+AG7*1)/13)*5,0)) | Z7: =IF(OR($C7="",Y7=""),"",COUNTIFS($C$4:$C$1500,$C7,Y$4:Y$1500,">"&Y7)+1) | AA7: =IF(OR($C7="",Y7=""),"",IF(AND($C7>=1001,$C7<=1005),COUNTIFS($C$4:$C$1500,">=1001",$C$4:$C$1500,"<=1005",Y$4:Y$1500,">"&Y7)+1,IF(AND($C7>=1101,$C7<=1105),COUNTIFS($C$4:$C$1500,">=1101",$C$4:$C$1500,"<=1105",Y$4:Y$1500,">"&Y7)+1,IF(AND($C7>=901,$C7<=905),COUNTIFS($C$4:$C$1500,">=901",$C$4:$C$1500,"<=905",Y$4:Y$1500,">"&Y7)+1,IF(AND($C7>=801,$C7<=805),COUNTIFS($C$4:$C$1500,">=801",$C$4:$C$1500,"<=805",Y$4:Y$1500,">"&Y7)+1,IF(AND($C7>=701,$C7<=705),COUNTIFS($C$4:$C$1500,">=701",$C$4:$C$1500,"<=705",Y$4:Y$1500,">"&Y7)+1,IF(AND($C7>=601,$C7<=606),COUNTIFS($C$4:$C$1500,">=601",$C$4:$C$1500,"<=606",Y$4:Y$1500,">"&Y7)+1,""))))))) | AB7: =IF(OR($C7="",Y7=""),"",IF(OR(AND($C7>=1001,$C7<=1005),AND($C7>=1101,$C7<=1105)),COUNTIFS($C$4:$C$1500,">=1001",$C$4:$C$1500,"<=1005",Y$4:Y$1500,">"&Y7)+COUNTIFS($C$4:$C$1500,">=1101",$C$4:$C$1500,"<=1105",Y$4:Y$1500,">"&Y7)+1,"")) | AC7: 55 | AD7: 49.94 | AE7: 41.25 | AF7: 43.75 | AG7: 41.25 | AH7: =IF(AND(AC7>0,AC7<36),1,IF(AND(AC7>=36,AC7<51),2,IF(AND(AC7>=51,AC7<71),3,IF(AND(AC7>=71,AC7<=100),4,)))) | AI7: =IF(AND(AD7>0,AD7<41),1,IF(AND(AD7>=41,AD7<56),2,IF(AND(AD7>=56,AD7<71),3,IF(AND(AD7>=71,AD7<=100),4,)))) | AJ7: =IF(AND(AE7>0,AE7<41),1,IF(AND(AE7>=41,AE7<56),2,IF(AND(AE7>=56,AE7<71),3,IF(AND(AE7>=71,AE7<=100),4,)))) | AK7: =IF(AND(AF7>0,AF7<36),1,IF(AND(AF7>=36,AF7<51),2,IF(AND(AF7>=51,AF7<66),3,IF(AND(AF7>=66,AF7<=100),4,)))) | AL7: =IF(AND(AG7>0,AG7<37),1,IF(AND(AG7>=37,AG7<58),2,IF(AND(AG7>=58,AG7<71),3,IF(AND(AG7>=71,AG7<=100),4,)))) | AM7: =IF((Y7<>"")*(K7<>""),Y7-K7,"") | AN7: =IF((Z7<>"")*(L7<>""),Z7-L7,"") | AO7: =IF((AA7<>"")*(M7<>""),AA7-M7,"") | AP7: =IF((AB7<>"")*(N7<>""),AB7-N7,"") | AQ7: =IF((AC7<>"")*(O7<>""),AC7-O7,"") | AR7: =IF((AD7<>"")*(P7<>""),AD7-P7,"") | AS7: =IF((AE7<>"")*(Q7<>""),AE7-Q7,"") | AT7: =IF((AF7<>"")*(R7<>""),AF7-R7,"") | ... AZ7: =IF((AL7<>"")*(X7<>""),AL7-X7,"") | BA7: =IFERROR(__xludf.dummyfunction("AI(""Actúa como un tutor académico y dirígete personalmente al estudiante "" & I7 & "" "" & J7 & "" "" & G7 & "" "" & H7 & "" hablándole en segunda persona (tú). INSTRUCCIÓN VITAL: A continuación te daré un dato llamado 'Diferencia Global'. Si ese dato es"&"tá vacío o no es un número, significa que el estudiante solo presentó un simulacro; en ese caso, NO hagas comparativos ni hables de evolución, solo redacta un mensaje motivador destacando sus fortalezas y áreas a mejorar basándote en los puntajes del simu"&"lacro que sí presentó. Si la 'Diferencia Global' sí tiene un número, analiza su evolución y su avance o retroceso en el ranking. DATOS DEL ESTUDIANTE -> Diferencia Global: '"" & AM7 & ""'. Diferencias por área: Matemáticas ("" & AQ7 & ""), Ciencias Natura"&"les ("" & AR7 & ""), Sociales ("" & AS7 & ""), Lectura Crítica ("" & AT7 & "") e Inglés ("" & AU7 & ""). Variación en posición: grupo ("" & AN7 & ""), grado ("" & AO7 & "") y media ("" & AP7 & ""). Puntajes Primer Simulacro: Global "" & K7 & "", Mat "" & "&"O4 & "", Cien "" & P7 & "", Soc "" & Q7 & "", Lec "" & R7 & "", Ing "" & S7 & "". Puntajes Segundo Simulacro: Global "" & Y7 & "", Mat "" & AC7 & "", Cien "" & AD7 & "", Soc "" & AE7 & "", Lec "" & AF7 & "", Ing "" & AG7 & "". Escribe un mensaje motivador"&" y breve (máximo 4 líneas)."") "),"=AI(""Actúa como un tutor académico y dirígete personalmente al estudiante "" & I7 & "" "" & J7 & "" "" & G7 & "" "" & H7 & "" hablándole en segunda persona (tú). INSTRUCCIÓN VITAL: A continuación te daré un dato llamado 'Diferencia Global'. Si ese dato e"&"stá vacío o no es un número, significa que el estudiante solo presentó un simulacro; en ese caso, NO hagas comparativos ni hables de evolución, solo redacta un mensaje motivador destacando sus fortalezas y áreas a mejorar basándote en los puntajes del sim"&"ulacro que sí presentó. Si la 'Diferencia Global' sí tiene un número, analiza su evolución y su avance o retroceso en el ranking. DATOS DEL ESTUDIANTE -> Diferencia Global: '"" & AM7 & ""'. Diferencias por área: Matemáticas ("" & AQ7 & ""), Ciencias Natur"&"ales ("" & AR7 & ""), Sociales ("" & AS7 & ""), Lectura Crítica ("" & AT7 & "") e Inglés ("" & AU7 & ""). Variación en posición: grupo ("" & AN7 & ""), grado ("" & AO7 & "") y media ("" & AP7 & ""). Puntajes Primer Simulacro: Global "" & K7 & "", Mat "" &"&" O7 & "", Cien "" & P7 & "", Soc "" & Q7 & "", Lec "" & R7 & "", Ing "" & S7 & "". Puntajes Segundo Simulacro: Global "" & Y7 & "", Mat "" & AC7 & "", Cien "" & AD7 & "", Soc "" & AE7 & "", Lec "" & AF7 & "", Ing "" & AG7 & "". Escribe un mensaje motivado"&"r y breve (máximo 4 líneas)."") ")
B8: Bachillerato | C8: 601 | F8: =TRIM(G8&" "&H8&" "&I8&" "&J8) | G8: Amaya | H8: Cadavid | I8: Mildrey | J8: Valentina | K8: =IF(SUM(O8:S8)=0, "", ROUND(((O8*3+P8*3+Q8*3+R8*3+S8*1)/13)*5,0)) | L8: =IF(OR($C8="",K8=""),"",COUNTIFS($C$4:$C$1500,$C8,K$4:K$1500,">"&K8)+1) | M8: =IF(OR($C8="",K8=""),"",IF(AND($C8>=1001,$C8<=1005),COUNTIFS($C$4:$C$1500,">=1001",$C$4:$C$1500,"<=1005",K$4:K$1500,">"&K8)+1,IF(AND($C8>=1101,$C8<=1105),COUNTIFS($C$4:$C$1500,">=1101",$C$4:$C$1500,"<=1105",K$4:K$1500,">"&K8)+1,IF(AND($C8>=901,$C8<=905),COUNTIFS($C$4:$C$1500,">=901",$C$4:$C$1500,"<=905",K$4:K$1500,">"&K8)+1,IF(AND($C8>=801,$C8<=805),COUNTIFS($C$4:$C$1500,">=801",$C$4:$C$1500,"<=805",K$4:K$1500,">"&K8)+1,IF(AND($C8>=701,$C8<=705),COUNTIFS($C$4:$C$1500,">=701",$C$4:$C$1500,"<=705",K$4:K$1500,">"&K8)+1,IF(AND($C8>=601,$C8<=606),COUNTIFS($C$4:$C$1500,">=601",$C$4:$C$1500,"<=606",K$4:K$1500,">"&K8)+1,""))))))) | N8: =IF(OR($C8="",K8=""),"",IF(OR(AND($C8>=1001,$C8<=1005),AND($C8>=1101,$C8<=1105)),COUNTIFS($C$4:$C$1500,">=1001",$C$4:$C$1500,"<=1005",K$4:K$1500,">"&K8)+COUNTIFS($C$4:$C$1500,">=1101",$C$4:$C$1500,"<=1105",K$4:K$1500,">"&K8)+1,"")) | O8: 59.92 | P8: 65.83 | Q8: 63.45 | R8: 62.29 | S8: 43.13 | T8: =IF(AND(O8>0,O8<36),1,IF(AND(O8>=36,O8<51),2,IF(AND(O8>=51,O8<71),3,IF(AND(O8>=71,O8<=100),4,)))) | U8: =IF(AND(P8>0,P8<41),1,IF(AND(P8>=41,P8<56),2,IF(AND(P8>=56,P8<71),3,IF(AND(P8>=71,P8<=100),4,)))) | V8: =IF(AND(Q8>0,Q8<41),1,IF(AND(Q8>=41,Q8<56),2,IF(AND(Q8>=56,Q8<71),3,IF(AND(Q8>=71,Q8<=100),4,)))) | W8: =IF(AND(R8>0,R8<36),1,IF(AND(R8>=36,R8<51),2,IF(AND(R8>=51,R8<66),3,IF(AND(R8>=66,R8<=100),4,)))) | X8: =IF(AND(S8>0,S8<37),1,IF(AND(S8>=37,S8<58),2,IF(AND(S8>=58,S8<71),3,IF(AND(S8>=71,S8<=100),4,)))) | Y8: =IF(SUM(AC8:AG8)=0, "", ROUND(((AC8*3+AD8*3+AE8*3+AF8*3+AG8*1)/13)*5,0)) | Z8: =IF(OR($C8="",Y8=""),"",COUNTIFS($C$4:$C$1500,$C8,Y$4:Y$1500,">"&Y8)+1) | AA8: =IF(OR($C8="",Y8=""),"",IF(AND($C8>=1001,$C8<=1005),COUNTIFS($C$4:$C$1500,">=1001",$C$4:$C$1500,"<=1005",Y$4:Y$1500,">"&Y8)+1,IF(AND($C8>=1101,$C8<=1105),COUNTIFS($C$4:$C$1500,">=1101",$C$4:$C$1500,"<=1105",Y$4:Y$1500,">"&Y8)+1,IF(AND($C8>=901,$C8<=905),COUNTIFS($C$4:$C$1500,">=901",$C$4:$C$1500,"<=905",Y$4:Y$1500,">"&Y8)+1,IF(AND($C8>=801,$C8<=805),COUNTIFS($C$4:$C$1500,">=801",$C$4:$C$1500,"<=805",Y$4:Y$1500,">"&Y8)+1,IF(AND($C8>=701,$C8<=705),COUNTIFS($C$4:$C$1500,">=701",$C$4:$C$1500,"<=705",Y$4:Y$1500,">"&Y8)+1,IF(AND($C8>=601,$C8<=606),COUNTIFS($C$4:$C$1500,">=601",$C$4:$C$1500,"<=606",Y$4:Y$1500,">"&Y8)+1,""))))))) | AB8: =IF(OR($C8="",Y8=""),"",IF(OR(AND($C8>=1001,$C8<=1005),AND($C8>=1101,$C8<=1105)),COUNTIFS($C$4:$C$1500,">=1001",$C$4:$C$1500,"<=1005",Y$4:Y$1500,">"&Y8)+COUNTIFS($C$4:$C$1500,">=1101",$C$4:$C$1500,"<=1105",Y$4:Y$1500,">"&Y8)+1,"")) | AC8: 41.25 | AD8: 80.95 | AE8: 52.25 | AF8: 70 | AG8: 77.92 | AH8: =IF(AND(AC8>0,AC8<36),1,IF(AND(AC8>=36,AC8<51),2,IF(AND(AC8>=51,AC8<71),3,IF(AND(AC8>=71,AC8<=100),4,)))) | AI8: =IF(AND(AD8>0,AD8<41),1,IF(AND(AD8>=41,AD8<56),2,IF(AND(AD8>=56,AD8<71),3,IF(AND(AD8>=71,AD8<=100),4,)))) | AJ8: =IF(AND(AE8>0,AE8<41),1,IF(AND(AE8>=41,AE8<56),2,IF(AND(AE8>=56,AE8<71),3,IF(AND(AE8>=71,AE8<=100),4,)))) | AK8: =IF(AND(AF8>0,AF8<36),1,IF(AND(AF8>=36,AF8<51),2,IF(AND(AF8>=51,AF8<66),3,IF(AND(AF8>=66,AF8<=100),4,)))) | AL8: =IF(AND(AG8>0,AG8<37),1,IF(AND(AG8>=37,AG8<58),2,IF(AND(AG8>=58,AG8<71),3,IF(AND(AG8>=71,AG8<=100),4,)))) | AM8: =IF((Y8<>"")*(K8<>""),Y8-K8,"") | AN8: =IF((Z8<>"")*(L8<>""),Z8-L8,"") | AO8: =IF((AA8<>"")*(M8<>""),AA8-M8,"") | AP8: =IF((AB8<>"")*(N8<>""),AB8-N8,"") | AQ8: =IF((AC8<>"")*(O8<>""),AC8-O8,"") | AR8: =IF((AD8<>"")*(P8<>""),AD8-P8,"") | AS8: =IF((AE8<>"")*(Q8<>""),AE8-Q8,"") | AT8: =IF((AF8<>"")*(R8<>""),AF8-R8,"") | ... AZ8: =IF((AL8<>"")*(X8<>""),AL8-X8,"") | BA8: =IFERROR(__xludf.dummyfunction("AI(""Actúa como un tutor académico y dirígete personalmente al estudiante "" & I8 & "" "" & J8 & "" "" & G8 & "" "" & H8 & "" hablándole en segunda persona (tú). INSTRUCCIÓN VITAL: A continuación te daré un dato llamado 'Diferencia Global'. Si ese dato es"&"tá vacío o no es un número, significa que el estudiante solo presentó un simulacro; en ese caso, NO hagas comparativos ni hables de evolución, solo redacta un mensaje motivador destacando sus fortalezas y áreas a mejorar basándote en los puntajes del simu"&"lacro que sí presentó. Si la 'Diferencia Global' sí tiene un número, analiza su evolución y su avance o retroceso en el ranking. DATOS DEL ESTUDIANTE -> Diferencia Global: '"" & AM8 & ""'. Diferencias por área: Matemáticas ("" & AQ8 & ""), Ciencias Natura"&"les ("" & AR8 & ""), Sociales ("" & AS8 & ""), Lectura Crítica ("" & AT8 & "") e Inglés ("" & AU8 & ""). Variación en posición: grupo ("" & AN8 & ""), grado ("" & AO8 & "") y media ("" & AP8 & ""). Puntajes Primer Simulacro: Global "" & K8 & "", Mat "" & "&"O4 & "", Cien "" & P8 & "", Soc "" & Q8 & "", Lec "" & R8 & "", Ing "" & S8 & "". Puntajes Segundo Simulacro: Global "" & Y8 & "", Mat "" & AC8 & "", Cien "" & AD8 & "", Soc "" & AE8 & "", Lec "" & AF8 & "", Ing "" & AG8 & "". Escribe un mensaje motivador"&" y breve (máximo 4 líneas)."") "),"=AI(""Actúa como un tutor académico y dirígete personalmente al estudiante "" & I8 & "" "" & J8 & "" "" & G8 & "" "" & H8 & "" hablándole en segunda persona (tú). INSTRUCCIÓN VITAL: A continuación te daré un dato llamado 'Diferencia Global'. Si ese dato e"&"stá vacío o no es un número, significa que el estudiante solo presentó un simulacro; en ese caso, NO hagas comparativos ni hables de evolución, solo redacta un mensaje motivador destacando sus fortalezas y áreas a mejorar basándote en los puntajes del sim"&"ulacro que sí presentó. Si la 'Diferencia Global' sí tiene un número, analiza su evolución y su avance o retroceso en el ranking. DATOS DEL ESTUDIANTE -> Diferencia Global: '"" & AM8 & ""'. Diferencias por área: Matemáticas ("" & AQ8 & ""), Ciencias Natur"&"ales ("" & AR8 & ""), Sociales ("" & AS8 & ""), Lectura Crítica ("" & AT8 & "") e Inglés ("" & AU8 & ""). Variación en posición: grupo ("" & AN8 & ""), grado ("" & AO8 & "") y media ("" & AP8 & ""). Puntajes Primer Simulacro: Global "" & K8 & "", Mat "" &"&" O8 & "", Cien "" & P8 & "", Soc "" & Q8 & "", Lec "" & R8 & "", Ing "" & S8 & "". Puntajes Segundo Simulacro: Global "" & Y8 & "", Mat "" & AC8 & "", Cien "" & AD8 & "", Soc "" & AE8 & "", Lec "" & AF8 & "", Ing "" & AG8 & "". Escribe un mensaje motivado"&"r y breve (máximo 4 líneas)."") ")
B9: Bachillerato | C9: 601 | F9: =TRIM(G9&" "&H9&" "&I9&" "&J9) | G9: Ballesteros | H9: Gómez | I9: María | J9: José | K9: =IF(SUM(O9:S9)=0, "", ROUND(((O9*3+P9*3+Q9*3+R9*3+S9*1)/13)*5,0)) | L9: =IF(OR($C9="",K9=""),"",COUNTIFS($C$4:$C$1500,$C9,K$4:K$1500,">"&K9)+1) | M9: =IF(OR($C9="",K9=""),"",IF(AND($C9>=1001,$C9<=1005),COUNTIFS($C$4:$C$1500,">=1001",$C$4:$C$1500,"<=1005",K$4:K$1500,">"&K9)+1,IF(AND($C9>=1101,$C9<=1105),COUNTIFS($C$4:$C$1500,">=1101",$C$4:$C$1500,"<=1105",K$4:K$1500,">"&K9)+1,IF(AND($C9>=901,$C9<=905),COUNTIFS($C$4:$C$1500,">=901",$C$4:$C$1500,"<=905",K$4:K$1500,">"&K9)+1,IF(AND($C9>=801,$C9<=805),COUNTIFS($C$4:$C$1500,">=801",$C$4:$C$1500,"<=805",K$4:K$1500,">"&K9)+1,IF(AND($C9>=701,$C9<=705),COUNTIFS($C$4:$C$1500,">=701",$C$4:$C$1500,"<=705",K$4:K$1500,">"&K9)+1,IF(AND($C9>=601,$C9<=606),COUNTIFS($C$4:$C$1500,">=601",$C$4:$C$1500,"<=606",K$4:K$1500,">"&K9)+1,""))))))) | N9: =IF(OR($C9="",K9=""),"",IF(OR(AND($C9>=1001,$C9<=1005),AND($C9>=1101,$C9<=1105)),COUNTIFS($C$4:$C$1500,">=1001",$C$4:$C$1500,"<=1005",K$4:K$1500,">"&K9)+COUNTIFS($C$4:$C$1500,">=1101",$C$4:$C$1500,"<=1105",K$4:K$1500,">"&K9)+1,"")) | O9: 56.53 | P9: 32.36 | Q9: 52.1 | R9: 43.13 | S9: 33.54 | T9: =IF(AND(O9>0,O9<36),1,IF(AND(O9>=36,O9<51),2,IF(AND(O9>=51,O9<71),3,IF(AND(O9>=71,O9<=100),4,)))) | U9: =IF(AND(P9>0,P9<41),1,IF(AND(P9>=41,P9<56),2,IF(AND(P9>=56,P9<71),3,IF(AND(P9>=71,P9<=100),4,)))) | V9: =IF(AND(Q9>0,Q9<41),1,IF(AND(Q9>=41,Q9<56),2,IF(AND(Q9>=56,Q9<71),3,IF(AND(Q9>=71,Q9<=100),4,)))) | W9: =IF(AND(R9>0,R9<36),1,IF(AND(R9>=36,R9<51),2,IF(AND(R9>=51,R9<66),3,IF(AND(R9>=66,R9<=100),4,)))) | X9: =IF(AND(S9>0,S9<37),1,IF(AND(S9>=37,S9<58),2,IF(AND(S9>=58,S9<71),3,IF(AND(S9>=71,S9<=100),4,)))) | Y9: =IF(SUM(AC9:AG9)=0, "", ROUND(((AC9*3+AD9*3+AE9*3+AF9*3+AG9*1)/13)*5,0)) | Z9: =IF(OR($C9="",Y9=""),"",COUNTIFS($C$4:$C$1500,$C9,Y$4:Y$1500,">"&Y9)+1) | AA9: =IF(OR($C9="",Y9=""),"",IF(AND($C9>=1001,$C9<=1005),COUNTIFS($C$4:$C$1500,">=1001",$C$4:$C$1500,"<=1005",Y$4:Y$1500,">"&Y9)+1,IF(AND($C9>=1101,$C9<=1105),COUNTIFS($C$4:$C$1500,">=1101",$C$4:$C$1500,"<=1105",Y$4:Y$1500,">"&Y9)+1,IF(AND($C9>=901,$C9<=905),COUNTIFS($C$4:$C$1500,">=901",$C$4:$C$1500,"<=905",Y$4:Y$1500,">"&Y9)+1,IF(AND($C9>=801,$C9<=805),COUNTIFS($C$4:$C$1500,">=801",$C$4:$C$1500,"<=805",Y$4:Y$1500,">"&Y9)+1,IF(AND($C9>=701,$C9<=705),COUNTIFS($C$4:$C$1500,">=701",$C$4:$C$1500,"<=705",Y$4:Y$1500,">"&Y9)+1,IF(AND($C9>=601,$C9<=606),COUNTIFS($C$4:$C$1500,">=601",$C$4:$C$1500,"<=606",Y$4:Y$1500,">"&Y9)+1,""))))))) | AB9: =IF(OR($C9="",Y9=""),"",IF(OR(AND($C9>=1001,$C9<=1005),AND($C9>=1101,$C9<=1105)),COUNTIFS($C$4:$C$1500,">=1001",$C$4:$C$1500,"<=1005",Y$4:Y$1500,">"&Y9)+COUNTIFS($C$4:$C$1500,">=1101",$C$4:$C$1500,"<=1105",Y$4:Y$1500,">"&Y9)+1,"")) | AC9: 63.25 | AD9: 50.18 | AE9: 63.25 | AF9: 56.88 | AG9: 50.42 | AH9: =IF(AND(AC9>0,AC9<36),1,IF(AND(AC9>=36,AC9<51),2,IF(AND(AC9>=51,AC9<71),3,IF(AND(AC9>=71,AC9<=100),4,)))) | AI9: =IF(AND(AD9>0,AD9<41),1,IF(AND(AD9>=41,AD9<56),2,IF(AND(AD9>=56,AD9<71),3,IF(AND(AD9>=71,AD9<=100),4,)))) | AJ9: =IF(AND(AE9>0,AE9<41),1,IF(AND(AE9>=41,AE9<56),2,IF(AND(AE9>=56,AE9<71),3,IF(AND(AE9>=71,AE9<=100),4,)))) | AK9: =IF(AND(AF9>0,AF9<36),1,IF(AND(AF9>=36,AF9<51),2,IF(AND(AF9>=51,AF9<66),3,IF(AND(AF9>=66,AF9<=100),4,)))) | AL9: =IF(AND(AG9>0,AG9<37),1,IF(AND(AG9>=37,AG9<58),2,IF(AND(AG9>=58,AG9<71),3,IF(AND(AG9>=71,AG9<=100),4,)))) | AM9: =IF((Y9<>"")*(K9<>""),Y9-K9,"") | AN9: =IF((Z9<>"")*(L9<>""),Z9-L9,"") | AO9: =IF((AA9<>"")*(M9<>""),AA9-M9,"") | AP9: =IF((AB9<>"")*(N9<>""),AB9-N9,"") | AQ9: =IF((AC9<>"")*(O9<>""),AC9-O9,"") | AR9: =IF((AD9<>"")*(P9<>""),AD9-P9,"") | AS9: =IF((AE9<>"")*(Q9<>""),AE9-Q9,"") | AT9: =IF((AF9<>"")*(R9<>""),AF9-R9,"") | ... AZ9: =IF((AL9<>"")*(X9<>""),AL9-X9,"") | BA9: =IFERROR(__xludf.dummyfunction("AI(""Actúa como un tutor académico y dirígete personalmente al estudiante "" & I9 & "" "" & J9 & "" "" & G9 & "" "" & H9 & "" hablándole en segunda persona (tú). INSTRUCCIÓN VITAL: A continuación te daré un dato llamado 'Diferencia Global'. Si ese dato es"&"tá vacío o no es un número, significa que el estudiante solo presentó un simulacro; en ese caso, NO hagas comparativos ni hables de evolución, solo redacta un mensaje motivador destacando sus fortalezas y áreas a mejorar basándote en los puntajes del simu"&"lacro que sí presentó. Si la 'Diferencia Global' sí tiene un número, analiza su evolución y su avance o retroceso en el ranking. DATOS DEL ESTUDIANTE -> Diferencia Global: '"" & AM9 & ""'. Diferencias por área: Matemáticas ("" & AQ9 & ""), Ciencias Natura"&"les ("" & AR9 & ""), Sociales ("" & AS9 & ""), Lectura Crítica ("" & AT9 & "") e Inglés ("" & AU9 & ""). Variación en posición: grupo ("" & AN9 & ""), grado ("" & AO9 & "") y media ("" & AP9 & ""). Puntajes Primer Simulacro: Global "" & K9 & "", Mat "" & "&"O4 & "", Cien "" & P9 & "", Soc "" & Q9 & "", Lec "" & R9 & "", Ing "" & S9 & "". Puntajes Segundo Simulacro: Global "" & Y9 & "", Mat "" & AC9 & "", Cien "" & AD9 & "", Soc "" & AE9 & "", Lec "" & AF9 & "", Ing "" & AG9 & "". Escribe un mensaje motivador"&" y breve (máximo 4 líneas)."") "),"=AI(""Actúa como un tutor académico y dirígete personalmente al estudiante "" & I9 & "" "" & J9 & "" "" & G9 & "" "" & H9 & "" hablándole en segunda persona (tú). INSTRUCCIÓN VITAL: A continuación te daré un dato llamado 'Diferencia Global'. Si ese dato e"&"stá vacío o no es un número, significa que el estudiante solo presentó un simulacro; en ese caso, NO hagas comparativos ni hables de evolución, solo redacta un mensaje motivador destacando sus fortalezas y áreas a mejorar basándote en los puntajes del sim"&"ulacro que sí presentó. Si la 'Diferencia Global' sí tiene un número, analiza su evolución y su avance o retroceso en el ranking. DATOS DEL ESTUDIANTE -> Diferencia Global: '"" & AM9 & ""'. Diferencias por área: Matemáticas ("" & AQ9 & ""), Ciencias Natur"&"ales ("" & AR9 & ""), Sociales ("" & AS9 & ""), Lectura Crítica ("" & AT9 & "") e Inglés ("" & AU9 & ""). Variación en posición: grupo ("" & AN9 & ""), grado ("" & AO9 & "") y media ("" & AP9 & ""). Puntajes Primer Simulacro: Global "" & K9 & "", Mat "" &"&" O9 & "", Cien "" & P9 & "", Soc "" & Q9 & "", Lec "" & R9 & "", Ing "" & S9 & "". Puntajes Segundo Simulacro: Global "" & Y9 & "", Mat "" & AC9 & "", Cien "" & AD9 & "", Soc "" & AE9 & "", Lec "" & AF9 & "", Ing "" & AG9 & "". Escribe un mensaje motivado"&"r y breve (máximo 4 líneas)."") ")
B10: Bachillerato | C10: 601 | F10: =TRIM(G10&" "&H10&" "&I10&" "&J10) | G10: Benítez | H10: Quintero | I10: Thomas | K10: =IF(SUM(O10:S10)=0, "", ROUND(((O10*3+P10*3+Q10*3+R10*3+S10*1)/13)*5,0)) | L10: =IF(OR($C10="",K10=""),"",COUNTIFS($C$4:$C$1500,$C10,K$4:K$1500,">"&K10)+1) | M10: =IF(OR($C10="",K10=""),"",IF(AND($C10>=1001,$C10<=1005),COUNTIFS($C$4:$C$1500,">=1001",$C$4:$C$1500,"<=1005",K$4:K$1500,">"&K10)+1,IF(AND($C10>=1101,$C10<=1105),COUNTIFS($C$4:$C$1500,">=1101",$C$4:$C$1500,"<=1105",K$4:K$1500,">"&K10)+1,IF(AND($C10>=901,$C10<=905),COUNTIFS($C$4:$C$1500,">=901",$C$4:$C$1500,"<=905",K$4:K$1500,">"&K10)+1,IF(AND($C10>=801,$C10<=805),COUNTIFS($C$4:$C$1500,">=801",$C$4:$C$1500,"<=805",K$4:K$1500,">"&K10)+1,IF(AND($C10>=701,$C10<=705),COUNTIFS($C$4:$C$1500,">=701",$C$4:$C$1500,"<=705",K$4:K$1500,">"&K10)+1,IF(AND($C10>=601,$C10<=606),COUNTIFS($C$4:$C$1500,">=601",$C$4:$C$1500,"<=606",K$4:K$1500,">"&K10)+1,""))))))) | N10: =IF(OR($C10="",K10=""),"",IF(OR(AND($C10>=1001,$C10<=1005),AND($C10>=1101,$C10<=1105)),COUNTIFS($C$4:$C$1500,">=1001",$C$4:$C$1500,"<=1005",K$4:K$1500,">"&K10)+COUNTIFS($C$4:$C$1500,">=1101",$C$4:$C$1500,"<=1105",K$4:K$1500,">"&K10)+1,"")) | O10: 58.47 | P10: 42.78 | Q10: 72.27 | R10: 76.67 | S10: 76.67 | T10: =IF(AND(O10>0,O10<36),1,IF(AND(O10>=36,O10<51),2,IF(AND(O10>=51,O10<71),3,IF(AND(O10>=71,O10<=100),4,)))) | U10: =IF(AND(P10>0,P10<41),1,IF(AND(P10>=41,P10<56),2,IF(AND(P10>=56,P10<71),3,IF(AND(P10>=71,P10<=100),4,)))) | V10: =IF(AND(Q10>0,Q10<41),1,IF(AND(Q10>=41,Q10<56),2,IF(AND(Q10>=56,Q10<71),3,IF(AND(Q10>=71,Q10<=100),4,)))) | W10: =IF(AND(R10>0,R10<36),1,IF(AND(R10>=36,R10<51),2,IF(AND(R10>=51,R10<66),3,IF(AND(R10>=66,R10<=100),4,)))) | X10: =IF(AND(S10>0,S10<37),1,IF(AND(S10>=37,S10<58),2,IF(AND(S10>=58,S10<71),3,IF(AND(S10>=71,S10<=100),4,)))) | Y10: =IF(SUM(AC10:AG10)=0, "", ROUND(((AC10*3+AD10*3+AE10*3+AF10*3+AG10*1)/13)*5,0)) | Z10: =IF(OR($C10="",Y10=""),"",COUNTIFS($C$4:$C$1500,$C10,Y$4:Y$1500,">"&Y10)+1) | AA10: =IF(OR($C10="",Y10=""),"",IF(AND($C10>=1001,$C10<=1005),COUNTIFS($C$4:$C$1500,">=1001",$C$4:$C$1500,"<=1005",Y$4:Y$1500,">"&Y10)+1,IF(AND($C10>=1101,$C10<=1105),COUNTIFS($C$4:$C$1500,">=1101",$C$4:$C$1500,"<=1105",Y$4:Y$1500,">"&Y10)+1,IF(AND($C10>=901,$C10<=905),COUNTIFS($C$4:$C$1500,">=901",$C$4:$C$1500,"<=905",Y$4:Y$1500,">"&Y10)+1,IF(AND($C10>=801,$C10<=805),COUNTIFS($C$4:$C$1500,">=801",$C$4:$C$1500,"<=805",Y$4:Y$1500,">"&Y10)+1,IF(AND($C10>=701,$C10<=705),COUNTIFS($C$4:$C$1500,">=701",$C$4:$C$1500,"<=705",Y$4:Y$1500,">"&Y10)+1,IF(AND($C10>=601,$C10<=606),COUNTIFS($C$4:$C$1500,">=601",$C$4:$C$1500,"<=606",Y$4:Y$1500,">"&Y10)+1,""))))))) | AB10: =IF(OR($C10="",Y10=""),"",IF(OR(AND($C10>=1001,$C10<=1005),AND($C10>=1101,$C10<=1105)),COUNTIFS($C$4:$C$1500,">=1001",$C$4:$C$1500,"<=1005",Y$4:Y$1500,">"&Y10)+COUNTIFS($C$4:$C$1500,">=1101",$C$4:$C$1500,"<=1105",Y$4:Y$1500,">"&Y10)+1,"")) | AC10: 79.75 | AD10: 59.35 | AE10: 77 | AF10: 70 | AG10: 91.67 | AH10: =IF(AND(AC10>0,AC10<36),1,IF(AND(AC10>=36,AC10<51),2,IF(AND(AC10>=51,AC10<71),3,IF(AND(AC10>=71,AC10<=100),4,)))) | AI10: =IF(AND(AD10>0,AD10<41),1,IF(AND(AD10>=41,AD10<56),2,IF(AND(AD10>=56,AD10<71),3,IF(AND(AD10>=71,AD10<=100),4,)))) | AJ10: =IF(AND(AE10>0,AE10<41),1,IF(AND(AE10>=41,AE10<56),2,IF(AND(AE10>=56,AE10<71),3,IF(AND(AE10>=71,AE10<=100),4,)))) | AK10: =IF(AND(AF10>0,AF10<36),1,IF(AND(AF10>=36,AF10<51),2,IF(AND(AF10>=51,AF10<66),3,IF(AND(AF10>=66,AF10<=100),4,)))) | AL10: =IF(AND(AG10>0,AG10<37),1,IF(AND(AG10>=37,AG10<58),2,IF(AND(AG10>=58,AG10<71),3,IF(AND(AG10>=71,AG10<=100),4,)))) | AM10: =IF((Y10<>"")*(K10<>""),Y10-K10,"") | AN10: =IF((Z10<>"")*(L10<>""),Z10-L10,"") | AO10: =IF((AA10<>"")*(M10<>""),AA10-M10,"") | AP10: =IF((AB10<>"")*(N10<>""),AB10-N10,"") | AQ10: =IF((AC10<>"")*(O10<>""),AC10-O10,"") | AR10: =IF((AD10<>"")*(P10<>""),AD10-P10,"") | AS10: =IF((AE10<>"")*(Q10<>""),AE10-Q10,"") | AT10: =IF((AF10<>"")*(R10<>""),AF10-R10,"") | ... AZ10: =IF((AL10<>"")*(X10<>""),AL10-X10,"") | BA10: =IFERROR(__xludf.dummyfunction("AI(""Actúa como un tutor académico y dirígete personalmente al estudiante "" & I10 & "" "" & J10 & "" "" & G10 & "" "" & H10 & "" hablándole en segunda persona (tú). INSTRUCCIÓN VITAL: A continuación te daré un dato llamado 'Diferencia Global'. Si ese dato es"&"tá vacío o no es un número, significa que el estudiante solo presentó un simulacro; en ese caso, NO hagas comparativos ni hables de evolución, solo redacta un mensaje motivador destacando sus fortalezas y áreas a mejorar basándote en los puntajes del simu"&"lacro que sí presentó. Si la 'Diferencia Global' sí tiene un número, analiza su evolución y su avance o retroceso en el ranking. DATOS DEL ESTUDIANTE -> Diferencia Global: '"" & AM10 & ""'. Diferencias por área: Matemáticas ("" & AQ10 & ""), Ciencias Natura"&"les ("" & AR10 & ""), Sociales ("" & AS10 & ""), Lectura Crítica ("" & AT10 & "") e Inglés ("" & AU10 & ""). Variación en posición: grupo ("" & AN10 & ""), grado ("" & AO10 & "") y media ("" & AP10 & ""). Puntajes Primer Simulacro: Global "" & K10 & "", Mat "" & "&"O4 & "", Cien "" & P10 & "", Soc "" & Q10 & "", Lec "" & R10 & "", Ing "" & S10 & "". Puntajes Segundo Simulacro: Global "" & Y10 & "", Mat "" & AC10 & "", Cien "" & AD10 & "", Soc "" & AE10 & "", Lec "" & AF10 & "", Ing "" & AG10 & "". Escribe un mensaje motivador"&" y breve (máximo 4 líneas)."") "),"=AI(""Actúa como un tutor académico y dirígete personalmente al estudiante "" & I10 & "" "" & J10 & "" "" & G10 & "" "" & H10 & "" hablándole en segunda persona (tú). INSTRUCCIÓN VITAL: A continuación te daré un dato llamado 'Diferencia Global'. Si ese dato e"&"stá vacío o no es un número, significa que el estudiante solo presentó un simulacro; en ese caso, NO hagas comparativos ni hables de evolución, solo redacta un mensaje motivador destacando sus fortalezas y áreas a mejorar basándote en los puntajes del sim"&"ulacro que sí presentó. Si la 'Diferencia Global' sí tiene un número, analiza su evolución y su avance o retroceso en el ranking. DATOS DEL ESTUDIANTE -> Diferencia Global: '"" & AM10 & ""'. Diferencias por área: Matemáticas ("" & AQ10 & ""), Ciencias Natur"&"ales ("" & AR10 & ""), Sociales ("" & AS10 & ""), Lectura Crítica ("" & AT10 & "") e Inglés ("" & AU10 & ""). Variación en posición: grupo ("" & AN10 & ""), grado ("" & AO10 & "") y media ("" & AP10 & ""). Puntajes Primer Simulacro: Global "" & K10 & "", Mat "" &"&" O10 & "", Cien "" & P10 & "", Soc "" & Q10 & "", Lec "" & R10 & "", Ing "" & S10 & "". Puntajes Segundo Simulacro: Global "" & Y10 & "", Mat "" & AC10 & "", Cien "" & AD10 & "", Soc "" & AE10 & "", Lec "" & AF10 & "", Ing "" & AG10 & "". Escribe un mensaje motivado"&"r y breve (máximo 4 líneas)."") ")
B11: Bachillerato | C11: 601 | F11: =TRIM(G11&" "&H11&" "&I11&" "&J11) | G11: Bertel | H11: Barrios | I11: Deiner | J11: Javier | K11: =IF(SUM(O11:S11)=0, "", ROUND(((O11*3+P11*3+Q11*3+R11*3+S11*1)/13)*5,0)) | L11: =IF(OR($C11="",K11=""),"",COUNTIFS($C$4:$C$1500,$C11,K$4:K$1500,">"&K11)+1) | M11: =IF(OR($C11="",K11=""),"",IF(AND($C11>=1001,$C11<=1005),COUNTIFS($C$4:$C$1500,">=1001",$C$4:$C$1500,"<=1005",K$4:K$1500,">"&K11)+1,IF(AND($C11>=1101,$C11<=1105),COUNTIFS($C$4:$C$1500,">=1101",$C$4:$C$1500,"<=1105",K$4:K$1500,">"&K11)+1,IF(AND($C11>=901,$C11<=905),COUNTIFS($C$4:$C$1500,">=901",$C$4:$C$1500,"<=905",K$4:K$1500,">"&K11)+1,IF(AND($C11>=801,$C11<=805),COUNTIFS($C$4:$C$1500,">=801",$C$4:$C$1500,"<=805",K$4:K$1500,">"&K11)+1,IF(AND($C11>=701,$C11<=705),COUNTIFS($C$4:$C$1500,">=701",$C$4:$C$1500,"<=705",K$4:K$1500,">"&K11)+1,IF(AND($C11>=601,$C11<=606),COUNTIFS($C$4:$C$1500,">=601",$C$4:$C$1500,"<=606",K$4:K$1500,">"&K11)+1,""))))))) | N11: =IF(OR($C11="",K11=""),"",IF(OR(AND($C11>=1001,$C11<=1005),AND($C11>=1101,$C11<=1105)),COUNTIFS($C$4:$C$1500,">=1001",$C$4:$C$1500,"<=1005",K$4:K$1500,">"&K11)+COUNTIFS($C$4:$C$1500,">=1101",$C$4:$C$1500,"<=1105",K$4:K$1500,">"&K11)+1,"")) | O11: 48.32 | P11: 27.36 | Q11: 30.25 | R11: 47.92 | S11: 47.92 | T11: =IF(AND(O11>0,O11<36),1,IF(AND(O11>=36,O11<51),2,IF(AND(O11>=51,O11<71),3,IF(AND(O11>=71,O11<=100),4,)))) | U11: =IF(AND(P11>0,P11<41),1,IF(AND(P11>=41,P11<56),2,IF(AND(P11>=56,P11<71),3,IF(AND(P11>=71,P11<=100),4,)))) | V11: =IF(AND(Q11>0,Q11<41),1,IF(AND(Q11>=41,Q11<56),2,IF(AND(Q11>=56,Q11<71),3,IF(AND(Q11>=71,Q11<=100),4,)))) | W11: =IF(AND(R11>0,R11<36),1,IF(AND(R11>=36,R11<51),2,IF(AND(R11>=51,R11<66),3,IF(AND(R11>=66,R11<=100),4,)))) | X11: =IF(AND(S11>0,S11<37),1,IF(AND(S11>=37,S11<58),2,IF(AND(S11>=58,S11<71),3,IF(AND(S11>=71,S11<=100),4,)))) | Y11: =IF(SUM(AC11:AG11)=0, "", ROUND(((AC11*3+AD11*3+AE11*3+AF11*3+AG11*1)/13)*5,0)) | Z11: =IF(OR($C11="",Y11=""),"",COUNTIFS($C$4:$C$1500,$C11,Y$4:Y$1500,">"&Y11)+1) | AA11: =IF(OR($C11="",Y11=""),"",IF(AND($C11>=1001,$C11<=1005),COUNTIFS($C$4:$C$1500,">=1001",$C$4:$C$1500,"<=1005",Y$4:Y$1500,">"&Y11)+1,IF(AND($C11>=1101,$C11<=1105),COUNTIFS($C$4:$C$1500,">=1101",$C$4:$C$1500,"<=1105",Y$4:Y$1500,">"&Y11)+1,IF(AND($C11>=901,$C11<=905),COUNTIFS($C$4:$C$1500,">=901",$C$4:$C$1500,"<=905",Y$4:Y$1500,">"&Y11)+1,IF(AND($C11>=801,$C11<=805),COUNTIFS($C$4:$C$1500,">=801",$C$4:$C$1500,"<=805",Y$4:Y$1500,">"&Y11)+1,IF(AND($C11>=701,$C11<=705),COUNTIFS($C$4:$C$1500,">=701",$C$4:$C$1500,"<=705",Y$4:Y$1500,">"&Y11)+1,IF(AND($C11>=601,$C11<=606),COUNTIFS($C$4:$C$1500,">=601",$C$4:$C$1500,"<=606",Y$4:Y$1500,">"&Y11)+1,""))))))) | AB11: =IF(OR($C11="",Y11=""),"",IF(OR(AND($C11>=1001,$C11<=1005),AND($C11>=1101,$C11<=1105)),COUNTIFS($C$4:$C$1500,">=1001",$C$4:$C$1500,"<=1005",Y$4:Y$1500,">"&Y11)+COUNTIFS($C$4:$C$1500,">=1101",$C$4:$C$1500,"<=1105",Y$4:Y$1500,">"&Y11)+1,"")) | AC11: 83 | AD11: 27.62 | AE11: 24.75 | AF11: 61.25 | AG11: 27.5 | AH11: =IF(AND(AC11>0,AC11<36),1,IF(AND(AC11>=36,AC11<51),2,IF(AND(AC11>=51,AC11<71),3,IF(AND(AC11>=71,AC11<=100),4,)))) | AI11: =IF(AND(AD11>0,AD11<41),1,IF(AND(AD11>=41,AD11<56),2,IF(AND(AD11>=56,AD11<71),3,IF(AND(AD11>=71,AD11<=100),4,)))) | AJ11: =IF(AND(AE11>0,AE11<41),1,IF(AND(AE11>=41,AE11<56),2,IF(AND(AE11>=56,AE11<71),3,IF(AND(AE11>=71,AE11<=100),4,)))) | AK11: =IF(AND(AF11>0,AF11<36),1,IF(AND(AF11>=36,AF11<51),2,IF(AND(AF11>=51,AF11<66),3,IF(AND(AF11>=66,AF11<=100),4,)))) | AL11: =IF(AND(AG11>0,AG11<37),1,IF(AND(AG11>=37,AG11<58),2,IF(AND(AG11>=58,AG11<71),3,IF(AND(AG11>=71,AG11<=100),4,)))) | AM11: =IF((Y11<>"")*(K11<>""),Y11-K11,"") | AN11: =IF((Z11<>"")*(L11<>""),Z11-L11,"") | AO11: =IF((AA11<>"")*(M11<>""),AA11-M11,"") | AP11: =IF((AB11<>"")*(N11<>""),AB11-N11,"") | AQ11: =IF((AC11<>"")*(O11<>""),AC11-O11,"") | AR11: =IF((AD11<>"")*(P11<>""),AD11-P11,"") | AS11: =IF((AE11<>"")*(Q11<>""),AE11-Q11,"") | AT11: =IF((AF11<>"")*(R11<>""),AF11-R11,"") | ... AZ11: =IF((AL11<>"")*(X11<>""),AL11-X11,"") | BA11: =IFERROR(__xludf.dummyfunction("AI(""Actúa como un tutor académico y dirígete personalmente al estudiante "" & I11 & "" "" & J11 & "" "" & G11 & "" "" & H11 & "" hablándole en segunda persona (tú). INSTRUCCIÓN VITAL: A continuación te daré un dato llamado 'Diferencia Global'. Si ese dato es"&"tá vacío o no es un número, significa que el estudiante solo presentó un simulacro; en ese caso, NO hagas comparativos ni hables de evolución, solo redacta un mensaje motivador destacando sus fortalezas y áreas a mejorar basándote en los puntajes del simu"&"lacro que sí presentó. Si la 'Diferencia Global' sí tiene un número, analiza su evolución y su avance o retroceso en el ranking. DATOS DEL ESTUDIANTE -> Diferencia Global: '"" & AM11 & ""'. Diferencias por área: Matemáticas ("" & AQ11 & ""), Ciencias Natura"&"les ("" & AR11 & ""), Sociales ("" & AS11 & ""), Lectura Crítica ("" & AT11 & "") e Inglés ("" & AU11 & ""). Variación en posición: grupo ("" & AN11 & ""), grado ("" & AO11 & "") y media ("" & AP11 & ""). Puntajes Primer Simulacro: Global "" & K11 & "", Mat "" & "&"O4 & "", Cien "" & P11 & "", Soc "" & Q11 & "", Lec "" & R11 & "", Ing "" & S11 & "". Puntajes Segundo Simulacro: Global "" & Y11 & "", Mat "" & AC11 & "", Cien "" & AD11 & "", Soc "" & AE11 & "", Lec "" & AF11 & "", Ing "" & AG11 & "". Escribe un mensaje motivador"&" y breve (máximo 4 líneas)."") "),"=AI(""Actúa como un tutor académico y dirígete personalmente al estudiante "" & I11 & "" "" & J11 & "" "" & G11 & "" "" & H11 & "" hablándole en segunda persona (tú). INSTRUCCIÓN VITAL: A continuación te daré un dato llamado 'Diferencia Global'. Si ese dato e"&"stá vacío o no es un número, significa que el estudiante solo presentó un simulacro; en ese caso, NO hagas comparativos ni hables de evolución, solo redacta un mensaje motivador destacando sus fortalezas y áreas a mejorar basándote en los puntajes del sim"&"ulacro que sí presentó. Si la 'Diferencia Global' sí tiene un número, analiza su evolución y su avance o retroceso en el ranking. DATOS DEL ESTUDIANTE -> Diferencia Global: '"" & AM11 & ""'. Diferencias por área: Matemáticas ("" & AQ11 & ""), Ciencias Natur"&"ales ("" & AR11 & ""), Sociales ("" & AS11 & ""), Lectura Crítica ("" & AT11 & "") e Inglés ("" & AU11 & ""). Variación en posición: grupo ("" & AN11 & ""), grado ("" & AO11 & "") y media ("" & AP11 & ""). Puntajes Primer Simulacro: Global "" & K11 & "", Mat "" &"&" O11 & "", Cien "" & P11 & "", Soc "" & Q11 & "", Lec "" & R11 & "", Ing "" & S11 & "". Puntajes Segundo Simulacro: Global "" & Y11 & "", Mat "" & AC11 & "", Cien "" & AD11 & "", Soc "" & AE11 & "", Lec "" & AF11 & "", Ing "" & AG11 & "". Escribe un mensaje motivado"&"r y breve (máximo 4 líneas)."") ")
B12: Bachillerato | C12: 601 | F12: =TRIM(G12&" "&H12&" "&I12&" "&J12) | G12: Bran | H12: David | I12: Dylan | J12: Emanuel | K12: =IF(SUM(O12:S12)=0, "", ROUND(((O12*3+P12*3+Q12*3+R12*3+S12*1)/13)*5,0)) | L12: =IF(OR($C12="",K12=""),"",COUNTIFS($C$4:$C$1500,$C12,K$4:K$1500,">"&K12)+1) | M12: =IF(OR($C12="",K12=""),"",IF(AND($C12>=1001,$C12<=1005),COUNTIFS($C$4:$C$1500,">=1001",$C$4:$C$1500,"<=1005",K$4:K$1500,">"&K12)+1,IF(AND($C12>=1101,$C12<=1105),COUNTIFS($C$4:$C$1500,">=1101",$C$4:$C$1500,"<=1105",K$4:K$1500,">"&K12)+1,IF(AND($C12>=901,$C12<=905),COUNTIFS($C$4:$C$1500,">=901",$C$4:$C$1500,"<=905",K$4:K$1500,">"&K12)+1,IF(AND($C12>=801,$C12<=805),COUNTIFS($C$4:$C$1500,">=801",$C$4:$C$1500,"<=805",K$4:K$1500,">"&K12)+1,IF(AND($C12>=701,$C12<=705),COUNTIFS($C$4:$C$1500,">=701",$C$4:$C$1500,"<=705",K$4:K$1500,">"&K12)+1,IF(AND($C12>=601,$C12<=606),COUNTIFS($C$4:$C$1500,">=601",$C$4:$C$1500,"<=606",K$4:K$1500,">"&K12)+1,""))))))) | N12: =IF(OR($C12="",K12=""),"",IF(OR(AND($C12>=1001,$C12<=1005),AND($C12>=1101,$C12<=1105)),COUNTIFS($C$4:$C$1500,">=1001",$C$4:$C$1500,"<=1005",K$4:K$1500,">"&K12)+COUNTIFS($C$4:$C$1500,">=1101",$C$4:$C$1500,"<=1105",K$4:K$1500,">"&K12)+1,"")) | O12: 44.94 | P12: 41.67 | Q12: 11.76 | R12: 47.92 | S12: 33.54 | T12: =IF(AND(O12>0,O12<36),1,IF(AND(O12>=36,O12<51),2,IF(AND(O12>=51,O12<71),3,IF(AND(O12>=71,O12<=100),4,)))) | U12: =IF(AND(P12>0,P12<41),1,IF(AND(P12>=41,P12<56),2,IF(AND(P12>=56,P12<71),3,IF(AND(P12>=71,P12<=100),4,)))) | V12: =IF(AND(Q12>0,Q12<41),1,IF(AND(Q12>=41,Q12<56),2,IF(AND(Q12>=56,Q12<71),3,IF(AND(Q12>=71,Q12<=100),4,)))) | W12: =IF(AND(R12>0,R12<36),1,IF(AND(R12>=36,R12<51),2,IF(AND(R12>=51,R12<66),3,IF(AND(R12>=66,R12<=100),4,)))) | X12: =IF(AND(S12>0,S12<37),1,IF(AND(S12>=37,S12<58),2,IF(AND(S12>=58,S12<71),3,IF(AND(S12>=71,S12<=100),4,)))) | Y12: =IF(SUM(AC12:AG12)=0, "", ROUND(((AC12*3+AD12*3+AE12*3+AF12*3+AG12*1)/13)*5,0)) | Z12: =IF(OR($C12="",Y12=""),"",COUNTIFS($C$4:$C$1500,$C12,Y$4:Y$1500,">"&Y12)+1) | AA12: =IF(OR($C12="",Y12=""),"",IF(AND($C12>=1001,$C12<=1005),COUNTIFS($C$4:$C$1500,">=1001",$C$4:$C$1500,"<=1005",Y$4:Y$1500,">"&Y12)+1,IF(AND($C12>=1101,$C12<=1105),COUNTIFS($C$4:$C$1500,">=1101",$C$4:$C$1500,"<=1105",Y$4:Y$1500,">"&Y12)+1,IF(AND($C12>=901,$C12<=905),COUNTIFS($C$4:$C$1500,">=901",$C$4:$C$1500,"<=905",Y$4:Y$1500,">"&Y12)+1,IF(AND($C12>=801,$C12<=805),COUNTIFS($C$4:$C$1500,">=801",$C$4:$C$1500,"<=805",Y$4:Y$1500,">"&Y12)+1,IF(AND($C12>=701,$C12<=705),COUNTIFS($C$4:$C$1500,">=701",$C$4:$C$1500,"<=705",Y$4:Y$1500,">"&Y12)+1,IF(AND($C12>=601,$C12<=606),COUNTIFS($C$4:$C$1500,">=601",$C$4:$C$1500,"<=606",Y$4:Y$1500,">"&Y12)+1,""))))))) | AB12: =IF(OR($C12="",Y12=""),"",IF(OR(AND($C12>=1001,$C12<=1005),AND($C12>=1101,$C12<=1105)),COUNTIFS($C$4:$C$1500,">=1001",$C$4:$C$1500,"<=1005",Y$4:Y$1500,">"&Y12)+COUNTIFS($C$4:$C$1500,">=1101",$C$4:$C$1500,"<=1105",Y$4:Y$1500,">"&Y12)+1,"")) | AC12: 85.25 | AD12: 47.02 | AE12: 55 | AF12: 65.63 | AG12: 68.75 | AH12: =IF(AND(AC12>0,AC12<36),1,IF(AND(AC12>=36,AC12<51),2,IF(AND(AC12>=51,AC12<71),3,IF(AND(AC12>=71,AC12<=100),4,)))) | AI12: =IF(AND(AD12>0,AD12<41),1,IF(AND(AD12>=41,AD12<56),2,IF(AND(AD12>=56,AD12<71),3,IF(AND(AD12>=71,AD12<=100),4,)))) | AJ12: =IF(AND(AE12>0,AE12<41),1,IF(AND(AE12>=41,AE12<56),2,IF(AND(AE12>=56,AE12<71),3,IF(AND(AE12>=71,AE12<=100),4,)))) | AK12: =IF(AND(AF12>0,AF12<36),1,IF(AND(AF12>=36,AF12<51),2,IF(AND(AF12>=51,AF12<66),3,IF(AND(AF12>=66,AF12<=100),4,)))) | AL12: =IF(AND(AG12>0,AG12<37),1,IF(AND(AG12>=37,AG12<58),2,IF(AND(AG12>=58,AG12<71),3,IF(AND(AG12>=71,AG12<=100),4,)))) | AM12: =IF((Y12<>"")*(K12<>""),Y12-K12,"") | AN12: =IF((Z12<>"")*(L12<>""),Z12-L12,"") | AO12: =IF((AA12<>"")*(M12<>""),AA12-M12,"") | AP12: =IF((AB12<>"")*(N12<>""),AB12-N12,"") | AQ12: =IF((AC12<>"")*(O12<>""),AC12-O12,"") | AR12: =IF((AD12<>"")*(P12<>""),AD12-P12,"") | AS12: =IF((AE12<>"")*(Q12<>""),AE12-Q12,"") | AT12: =IF((AF12<>"")*(R12<>""),AF12-R12,"") | ... AZ12: =IF((AL12<>"")*(X12<>""),AL12-X12,"") | BA12: =IFERROR(__xludf.dummyfunction("AI(""Actúa como un tutor académico y dirígete personalmente al estudiante "" & I12 & "" "" & J12 & "" "" & G12 & "" "" & H12 & "" hablándole en segunda persona (tú). INSTRUCCIÓN VITAL: A continuación te daré un dato llamado 'Diferencia Global'. Si ese dato es"&"tá vacío o no es un número, significa que el estudiante solo presentó un simulacro; en ese caso, NO hagas comparativos ni hables de evolución, solo redacta un mensaje motivador destacando sus fortalezas y áreas a mejorar basándote en los puntajes del simu"&"lacro que sí presentó. Si la 'Diferencia Global' sí tiene un número, analiza su evolución y su avance o retroceso en el ranking. DATOS DEL ESTUDIANTE -> Diferencia Global: '"" & AM12 & ""'. Diferencias por área: Matemáticas ("" & AQ12 & ""), Ciencias Natura"&"les ("" & AR12 & ""), Sociales ("" & AS12 & ""), Lectura Crítica ("" & AT12 & "") e Inglés ("" & AU12 & ""). Variación en posición: grupo ("" & AN12 & ""), grado ("" & AO12 & "") y media ("" & AP12 & ""). Puntajes Primer Simulacro: Global "" & K12 & "", Mat "" & "&"O4 & "", Cien "" & P12 & "", Soc "" & Q12 & "", Lec "" & R12 & "", Ing "" & S12 & "". Puntajes Segundo Simulacro: Global "" & Y12 & "", Mat "" & AC12 & "", Cien "" & AD12 & "", Soc "" & AE12 & "", Lec "" & AF12 & "", Ing "" & AG12 & "". Escribe un mensaje motivador"&" y breve (máximo 4 líneas)."") "),"=AI(""Actúa como un tutor académico y dirígete personalmente al estudiante "" & I12 & "" "" & J12 & "" "" & G12 & "" "" & H12 & "" hablándole en segunda persona (tú). INSTRUCCIÓN VITAL: A continuación te daré un dato llamado 'Diferencia Global'. Si ese dato e"&"stá vacío o no es un número, significa que el estudiante solo presentó un simulacro; en ese caso, NO hagas comparativos ni hables de evolución, solo redacta un mensaje motivador destacando sus fortalezas y áreas a mejorar basándote en los puntajes del sim"&"ulacro que sí presentó. Si la 'Diferencia Global' sí tiene un número, analiza su evolución y su avance o retroceso en el ranking. DATOS DEL ESTUDIANTE -> Diferencia Global: '"" & AM12 & ""'. Diferencias por área: Matemáticas ("" & AQ12 & ""), Ciencias Natur"&"ales ("" & AR12 & ""), Sociales ("" & AS12 & ""), Lectura Crítica ("" & AT12 & "") e Inglés ("" & AU12 & ""). Variación en posición: grupo ("" & AN12 & ""), grado ("" & AO12 & "") y media ("" & AP12 & ""). Puntajes Primer Simulacro: Global "" & K12 & "", Mat "" &"&" O12 & "", Cien "" & P12 & "", Soc "" & Q12 & "", Lec "" & R12 & "", Ing "" & S12 & "". Puntajes Segundo Simulacro: Global "" & Y12 & "", Mat "" & AC12 & "", Cien "" & AD12 & "", Soc "" & AE12 & "", Lec "" & AF12 & "", Ing "" & AG12 & "". Escribe un mensaje motivado"&"r y breve (máximo 4 líneas)."") ")
B13: Bachillerato | C13: 601 | F13: =TRIM(G13&" "&H13&" "&I13&" "&J13) | G13: Brand | H13: Meneses | I13: Isabella | K13: =IF(SUM(O13:S13)=0, "", ROUND(((O13*3+P13*3+Q13*3+R13*3+S13*1)/13)*5,0)) | L13: =IF(OR($C13="",K13=""),"",COUNTIFS($C$4:$C$1500,$C13,K$4:K$1500,">"&K13)+1) | M13: =IF(OR($C13="",K13=""),"",IF(AND($C13>=1001,$C13<=1005),COUNTIFS($C$4:$C$1500,">=1001",$C$4:$C$1500,"<=1005",K$4:K$1500,">"&K13)+1,IF(AND($C13>=1101,$C13<=1105),COUNTIFS($C$4:$C$1500,">=1101",$C$4:$C$1500,"<=1105",K$4:K$1500,">"&K13)+1,IF(AND($C13>=901,$C13<=905),COUNTIFS($C$4:$C$1500,">=901",$C$4:$C$1500,"<=905",K$4:K$1500,">"&K13)+1,IF(AND($C13>=801,$C13<=805),COUNTIFS($C$4:$C$1500,">=801",$C$4:$C$1500,"<=805",K$4:K$1500,">"&K13)+1,IF(AND($C13>=701,$C13<=705),COUNTIFS($C$4:$C$1500,">=701",$C$4:$C$1500,"<=705",K$4:K$1500,">"&K13)+1,IF(AND($C13>=601,$C13<=606),COUNTIFS($C$4:$C$1500,">=601",$C$4:$C$1500,"<=606",K$4:K$1500,">"&K13)+1,""))))))) | N13: =IF(OR($C13="",K13=""),"",IF(OR(AND($C13>=1001,$C13<=1005),AND($C13>=1101,$C13<=1105)),COUNTIFS($C$4:$C$1500,">=1001",$C$4:$C$1500,"<=1005",K$4:K$1500,">"&K13)+COUNTIFS($C$4:$C$1500,">=1101",$C$4:$C$1500,"<=1105",K$4:K$1500,">"&K13)+1,"")) | O13: 33.34 | P13: 30.56 | Q13: 24.79 | R13: 14.38 | S13: 57.5 | T13: =IF(AND(O13>0,O13<36),1,IF(AND(O13>=36,O13<51),2,IF(AND(O13>=51,O13<71),3,IF(AND(O13>=71,O13<=100),4,)))) | U13: =IF(AND(P13>0,P13<41),1,IF(AND(P13>=41,P13<56),2,IF(AND(P13>=56,P13<71),3,IF(AND(P13>=71,P13<=100),4,)))) | V13: =IF(AND(Q13>0,Q13<41),1,IF(AND(Q13>=41,Q13<56),2,IF(AND(Q13>=56,Q13<71),3,IF(AND(Q13>=71,Q13<=100),4,)))) | W13: =IF(AND(R13>0,R13<36),1,IF(AND(R13>=36,R13<51),2,IF(AND(R13>=51,R13<66),3,IF(AND(R13>=66,R13<=100),4,)))) | X13: =IF(AND(S13>0,S13<37),1,IF(AND(S13>=37,S13<58),2,IF(AND(S13>=58,S13<71),3,IF(AND(S13>=71,S13<=100),4,)))) | Y13: =IF(SUM(AC13:AG13)=0, "", ROUND(((AC13*3+AD13*3+AE13*3+AF13*3+AG13*1)/13)*5,0)) | Z13: =IF(OR($C13="",Y13=""),"",COUNTIFS($C$4:$C$1500,$C13,Y$4:Y$1500,">"&Y13)+1) | AA13: =IF(OR($C13="",Y13=""),"",IF(AND($C13>=1001,$C13<=1005),COUNTIFS($C$4:$C$1500,">=1001",$C$4:$C$1500,"<=1005",Y$4:Y$1500,">"&Y13)+1,IF(AND($C13>=1101,$C13<=1105),COUNTIFS($C$4:$C$1500,">=1101",$C$4:$C$1500,"<=1105",Y$4:Y$1500,">"&Y13)+1,IF(AND($C13>=901,$C13<=905),COUNTIFS($C$4:$C$1500,">=901",$C$4:$C$1500,"<=905",Y$4:Y$1500,">"&Y13)+1,IF(AND($C13>=801,$C13<=805),COUNTIFS($C$4:$C$1500,">=801",$C$4:$C$1500,"<=805",Y$4:Y$1500,">"&Y13)+1,IF(AND($C13>=701,$C13<=705),COUNTIFS($C$4:$C$1500,">=701",$C$4:$C$1500,"<=705",Y$4:Y$1500,">"&Y13)+1,IF(AND($C13>=601,$C13<=606),COUNTIFS($C$4:$C$1500,">=601",$C$4:$C$1500,"<=606",Y$4:Y$1500,">"&Y13)+1,""))))))) | AB13: =IF(OR($C13="",Y13=""),"",IF(OR(AND($C13>=1001,$C13<=1005),AND($C13>=1101,$C13<=1105)),COUNTIFS($C$4:$C$1500,">=1001",$C$4:$C$1500,"<=1005",Y$4:Y$1500,">"&Y13)+COUNTIFS($C$4:$C$1500,">=1101",$C$4:$C$1500,"<=1105",Y$4:Y$1500,">"&Y13)+1,"")) | AC13: 30.25 | AD13: 59.17 | AE13: 30.25 | AF13: 35 | AG13: 32.08 | AH13: =IF(AND(AC13>0,AC13<36),1,IF(AND(AC13>=36,AC13<51),2,IF(AND(AC13>=51,AC13<71),3,IF(AND(AC13>=71,AC13<=100),4,)))) | AI13: =IF(AND(AD13>0,AD13<41),1,IF(AND(AD13>=41,AD13<56),2,IF(AND(AD13>=56,AD13<71),3,IF(AND(AD13>=71,AD13<=100),4,)))) | AJ13: =IF(AND(AE13>0,AE13<41),1,IF(AND(AE13>=41,AE13<56),2,IF(AND(AE13>=56,AE13<71),3,IF(AND(AE13>=71,AE13<=100),4,)))) | AK13: =IF(AND(AF13>0,AF13<36),1,IF(AND(AF13>=36,AF13<51),2,IF(AND(AF13>=51,AF13<66),3,IF(AND(AF13>=66,AF13<=100),4,)))) | AL13: =IF(AND(AG13>0,AG13<37),1,IF(AND(AG13>=37,AG13<58),2,IF(AND(AG13>=58,AG13<71),3,IF(AND(AG13>=71,AG13<=100),4,)))) | AM13: =IF((Y13<>"")*(K13<>""),Y13-K13,"") | AN13: =IF((Z13<>"")*(L13<>""),Z13-L13,"") | AO13: =IF((AA13<>"")*(M13<>""),AA13-M13,"") | AP13: =IF((AB13<>"")*(N13<>""),AB13-N13,"") | AQ13: =IF((AC13<>"")*(O13<>""),AC13-O13,"") | AR13: =IF((AD13<>"")*(P13<>""),AD13-P13,"") | AS13: =IF((AE13<>"")*(Q13<>""),AE13-Q13,"") | AT13: =IF((AF13<>"")*(R13<>""),AF13-R13,"") | ... AZ13: =IF((AL13<>"")*(X13<>""),AL13-X13,"") | BA13: =IFERROR(__xludf.dummyfunction("AI(""Actúa como un tutor académico y dirígete personalmente al estudiante "" & I13 & "" "" & J13 & "" "" & G13 & "" "" & H13 & "" hablándole en segunda persona (tú). INSTRUCCIÓN VITAL: A continuación te daré un dato llamado 'Diferencia Global'. Si ese dato es"&"tá vacío o no es un número, significa que el estudiante solo presentó un simulacro; en ese caso, NO hagas comparativos ni hables de evolución, solo redacta un mensaje motivador destacando sus fortalezas y áreas a mejorar basándote en los puntajes del simu"&"lacro que sí presentó. Si la 'Diferencia Global' sí tiene un número, analiza su evolución y su avance o retroceso en el ranking. DATOS DEL ESTUDIANTE -> Diferencia Global: '"" & AM13 & ""'. Diferencias por área: Matemáticas ("" & AQ13 & ""), Ciencias Natura"&"les ("" & AR13 & ""), Sociales ("" & AS13 & ""), Lectura Crítica ("" & AT13 & "") e Inglés ("" & AU13 & ""). Variación en posición: grupo ("" & AN13 & ""), grado ("" & AO13 & "") y media ("" & AP13 & ""). Puntajes Primer Simulacro: Global "" & K13 & "", Mat "" & "&"O4 & "", Cien "" & P13 & "", Soc "" & Q13 & "", Lec "" & R13 & "", Ing "" & S13 & "". Puntajes Segundo Simulacro: Global "" & Y13 & "", Mat "" & AC13 & "", Cien "" & AD13 & "", Soc "" & AE13 & "", Lec "" & AF13 & "", Ing "" & AG13 & "". Escribe un mensaje motivador"&" y breve (máximo 4 líneas)."") "),"=AI(""Actúa como un tutor académico y dirígete personalmente al estudiante "" & I13 & "" "" & J13 & "" "" & G13 & "" "" & H13 & "" hablándole en segunda persona (tú). INSTRUCCIÓN VITAL: A continuación te daré un dato llamado 'Diferencia Global'. Si ese dato e"&"stá vacío o no es un número, significa que el estudiante solo presentó un simulacro; en ese caso, NO hagas comparativos ni hables de evolución, solo redacta un mensaje motivador destacando sus fortalezas y áreas a mejorar basándote en los puntajes del sim"&"ulacro que sí presentó. Si la 'Diferencia Global' sí tiene un número, analiza su evolución y su avance o retroceso en el ranking. DATOS DEL ESTUDIANTE -> Diferencia Global: '"" & AM13 & ""'. Diferencias por área: Matemáticas ("" & AQ13 & ""), Ciencias Natur"&"ales ("" & AR13 & ""), Sociales ("" & AS13 & ""), Lectura Crítica ("" & AT13 & "") e Inglés ("" & AU13 & ""). Variación en posición: grupo ("" & AN13 & ""), grado ("" & AO13 & "") y media ("" & AP13 & ""). Puntajes Primer Simulacro: Global "" & K13 & "", Mat "" &"&" O13 & "", Cien "" & P13 & "", Soc "" & Q13 & "", Lec "" & R13 & "", Ing "" & S13 & "". Puntajes Segundo Simulacro: Global "" & Y13 & "", Mat "" & AC13 & "", Cien "" & AD13 & "", Soc "" & AE13 & "", Lec "" & AF13 & "", Ing "" & AG13 & "". Escribe un mensaje motivado"&"r y breve (máximo 4 líneas)."") ")
B14: Bachillerato | C14: 601 | F14: =TRIM(G14&" "&H14&" "&I14&" "&J14) | G14: Carvajal | H14: Carvajal | I14: Milagros | J14: Valentina | K14: =IF(SUM(O14:S14)=0, "", ROUND(((O14*3+P14*3+Q14*3+R14*3+S14*1)/13)*5,0)) | L14: =IF(OR($C14="",K14=""),"",COUNTIFS($C$4:$C$1500,$C14,K$4:K$1500,">"&K14)+1) | M14: =IF(OR($C14="",K14=""),"",IF(AND($C14>=1001,$C14<=1005),COUNTIFS($C$4:$C$1500,">=1001",$C$4:$C$1500,"<=1005",K$4:K$1500,">"&K14)+1,IF(AND($C14>=1101,$C14<=1105),COUNTIFS($C$4:$C$1500,">=1101",$C$4:$C$1500,"<=1105",K$4:K$1500,">"&K14)+1,IF(AND($C14>=901,$C14<=905),COUNTIFS($C$4:$C$1500,">=901",$C$4:$C$1500,"<=905",K$4:K$1500,">"&K14)+1,IF(AND($C14>=801,$C14<=805),COUNTIFS($C$4:$C$1500,">=801",$C$4:$C$1500,"<=805",K$4:K$1500,">"&K14)+1,IF(AND($C14>=701,$C14<=705),COUNTIFS($C$4:$C$1500,">=701",$C$4:$C$1500,"<=705",K$4:K$1500,">"&K14)+1,IF(AND($C14>=601,$C14<=606),COUNTIFS($C$4:$C$1500,">=601",$C$4:$C$1500,"<=606",K$4:K$1500,">"&K14)+1,""))))))) | N14: =IF(OR($C14="",K14=""),"",IF(OR(AND($C14>=1001,$C14<=1005),AND($C14>=1101,$C14<=1105)),COUNTIFS($C$4:$C$1500,">=1001",$C$4:$C$1500,"<=1005",K$4:K$1500,">"&K14)+COUNTIFS($C$4:$C$1500,">=1101",$C$4:$C$1500,"<=1105",K$4:K$1500,">"&K14)+1,"")) | O14: 42.04 | P14: 52.78 | Q14: 62.18 | R14: 62.29 | S14: 43.13 | T14: =IF(AND(O14>0,O14<36),1,IF(AND(O14>=36,O14<51),2,IF(AND(O14>=51,O14<71),3,IF(AND(O14>=71,O14<=100),4,)))) | U14: =IF(AND(P14>0,P14<41),1,IF(AND(P14>=41,P14<56),2,IF(AND(P14>=56,P14<71),3,IF(AND(P14>=71,P14<=100),4,)))) | V14: =IF(AND(Q14>0,Q14<41),1,IF(AND(Q14>=41,Q14<56),2,IF(AND(Q14>=56,Q14<71),3,IF(AND(Q14>=71,Q14<=100),4,)))) | W14: =IF(AND(R14>0,R14<36),1,IF(AND(R14>=36,R14<51),2,IF(AND(R14>=51,R14<66),3,IF(AND(R14>=66,R14<=100),4,)))) | X14: =IF(AND(S14>0,S14<37),1,IF(AND(S14>=37,S14<58),2,IF(AND(S14>=58,S14<71),3,IF(AND(S14>=71,S14<=100),4,)))) | Y14: =IF(SUM(AC14:AG14)=0, "", ROUND(((AC14*3+AD14*3+AE14*3+AF14*3+AG14*1)/13)*5,0)) | Z14: =IF(OR($C14="",Y14=""),"",COUNTIFS($C$4:$C$1500,$C14,Y$4:Y$1500,">"&Y14)+1) | AA14: =IF(OR($C14="",Y14=""),"",IF(AND($C14>=1001,$C14<=1005),COUNTIFS($C$4:$C$1500,">=1001",$C$4:$C$1500,"<=1005",Y$4:Y$1500,">"&Y14)+1,IF(AND($C14>=1101,$C14<=1105),COUNTIFS($C$4:$C$1500,">=1101",$C$4:$C$1500,"<=1105",Y$4:Y$1500,">"&Y14)+1,IF(AND($C14>=901,$C14<=905),COUNTIFS($C$4:$C$1500,">=901",$C$4:$C$1500,"<=905",Y$4:Y$1500,">"&Y14)+1,IF(AND($C14>=801,$C14<=805),COUNTIFS($C$4:$C$1500,">=801",$C$4:$C$1500,"<=805",Y$4:Y$1500,">"&Y14)+1,IF(AND($C14>=701,$C14<=705),COUNTIFS($C$4:$C$1500,">=701",$C$4:$C$1500,"<=705",Y$4:Y$1500,">"&Y14)+1,IF(AND($C14>=601,$C14<=606),COUNTIFS($C$4:$C$1500,">=601",$C$4:$C$1500,"<=606",Y$4:Y$1500,">"&Y14)+1,""))))))) | AB14: =IF(OR($C14="",Y14=""),"",IF(OR(AND($C14>=1001,$C14<=1005),AND($C14>=1101,$C14<=1105)),COUNTIFS($C$4:$C$1500,">=1001",$C$4:$C$1500,"<=1005",Y$4:Y$1500,">"&Y14)+COUNTIFS($C$4:$C$1500,">=1101",$C$4:$C$1500,"<=1105",Y$4:Y$1500,">"&Y14)+1,"")) | AC14: 55 | AD14: 51.07 | AE14: 41.25 | AF14: 65.63 | AG14: 50.42 | AH14: =IF(AND(AC14>0,AC14<36),1,IF(AND(AC14>=36,AC14<51),2,IF(AND(AC14>=51,AC14<71),3,IF(AND(AC14>=71,AC14<=100),4,)))) | AI14: =IF(AND(AD14>0,AD14<41),1,IF(AND(AD14>=41,AD14<56),2,IF(AND(AD14>=56,AD14<71),3,IF(AND(AD14>=71,AD14<=100),4,)))) | AJ14: =IF(AND(AE14>0,AE14<41),1,IF(AND(AE14>=41,AE14<56),2,IF(AND(AE14>=56,AE14<71),3,IF(AND(AE14>=71,AE14<=100),4,)))) | AK14: =IF(AND(AF14>0,AF14<36),1,IF(AND(AF14>=36,AF14<51),2,IF(AND(AF14>=51,AF14<66),3,IF(AND(AF14>=66,AF14<=100),4,)))) | AL14: =IF(AND(AG14>0,AG14<37),1,IF(AND(AG14>=37,AG14<58),2,IF(AND(AG14>=58,AG14<71),3,IF(AND(AG14>=71,AG14<=100),4,)))) | AM14: =IF((Y14<>"")*(K14<>""),Y14-K14,"") | AN14: =IF((Z14<>"")*(L14<>""),Z14-L14,"") | AO14: =IF((AA14<>"")*(M14<>""),AA14-M14,"") | AP14: =IF((AB14<>"")*(N14<>""),AB14-N14,"") | AQ14: =IF((AC14<>"")*(O14<>""),AC14-O14,"") | AR14: =IF((AD14<>"")*(P14<>""),AD14-P14,"") | AS14: =IF((AE14<>"")*(Q14<>""),AE14-Q14,"") | AT14: =IF((AF14<>"")*(R14<>""),AF14-R14,"") | ... AZ14: =IF((AL14<>"")*(X14<>""),AL14-X14,"") | BA14: =IFERROR(__xludf.dummyfunction("AI(""Actúa como un tutor académico y dirígete personalmente al estudiante "" & I14 & "" "" & J14 & "" "" & G14 & "" "" & H14 & "" hablándole en segunda persona (tú). INSTRUCCIÓN VITAL: A continuación te daré un dato llamado 'Diferencia Global'. Si ese dato es"&"tá vacío o no es un número, significa que el estudiante solo presentó un simulacro; en ese caso, NO hagas comparativos ni hables de evolución, solo redacta un mensaje motivador destacando sus fortalezas y áreas a mejorar basándote en los puntajes del simu"&"lacro que sí presentó. Si la 'Diferencia Global' sí tiene un número, analiza su evolución y su avance o retroceso en el ranking. DATOS DEL ESTUDIANTE -> Diferencia Global: '"" & AM14 & ""'. Diferencias por área: Matemáticas ("" & AQ14 & ""), Ciencias Natura"&"les ("" & AR14 & ""), Sociales ("" & AS14 & ""), Lectura Crítica ("" & AT14 & "") e Inglés ("" & AU14 & ""). Variación en posición: grupo ("" & AN14 & ""), grado ("" & AO14 & "") y media ("" & AP14 & ""). Puntajes Primer Simulacro: Global "" & K14 & "", Mat "" & "&"O4 & "", Cien "" & P14 & "", Soc "" & Q14 & "", Lec "" & R14 & "", Ing "" & S14 & "". Puntajes Segundo Simulacro: Global "" & Y14 & "", Mat "" & AC14 & "", Cien "" & AD14 & "", Soc "" & AE14 & "", Lec "" & AF14 & "", Ing "" & AG14 & "". Escribe un mensaje motivador"&" y breve (máximo 4 líneas)."") "),"=AI(""Actúa como un tutor académico y dirígete personalmente al estudiante "" & I14 & "" "" & J14 & "" "" & G14 & "" "" & H14 & "" hablándole en segunda persona (tú). INSTRUCCIÓN VITAL: A continuación te daré un dato llamado 'Diferencia Global'. Si ese dato e"&"stá vacío o no es un número, significa que el estudiante solo presentó un simulacro; en ese caso, NO hagas comparativos ni hables de evolución, solo redacta un mensaje motivador destacando sus fortalezas y áreas a mejorar basándote en los puntajes del sim"&"ulacro que sí presentó. Si la 'Diferencia Global' sí tiene un número, analiza su evolución y su avance o retroceso en el ranking. DATOS DEL ESTUDIANTE -> Diferencia Global: '"" & AM14 & ""'. Diferencias por área: Matemáticas ("" & AQ14 & ""), Ciencias Natur"&"ales ("" & AR14 & ""), Sociales ("" & AS14 & ""), Lectura Crítica ("" & AT14 & "") e Inglés ("" & AU14 & ""). Variación en posición: grupo ("" & AN14 & ""), grado ("" & AO14 & "") y media ("" & AP14 & ""). Puntajes Primer Simulacro: Global "" & K14 & "", Mat "" &"&" O14 & "", Cien "" & P14 & "", Soc "" & Q14 & "", Lec "" & R14 & "", Ing "" & S14 & "". Puntajes Segundo Simulacro: Global "" & Y14 & "", Mat "" & AC14 & "", Cien "" & AD14 & "", Soc "" & AE14 & "", Lec "" & AF14 & "", Ing "" & AG14 & "". Escribe un mensaje motivado"&"r y breve (máximo 4 líneas)."") ")
B15: Bachillerato | C15: 602 | F15: =TRIM(G15&" "&H15&" "&I15&" "&J15) | G15: Carvajal | H15: Rodríguez | I15: Saray | K15: =IF(SUM(O15:S15)=0, "", ROUND(((O15*3+P15*3+Q15*3+R15*3+S15*1)/13)*5,0)) | L15: =IF(OR($C15="",K15=""),"",COUNTIFS($C$4:$C$1500,$C15,K$4:K$1500,">"&K15)+1) | M15: =IF(OR($C15="",K15=""),"",IF(AND($C15>=1001,$C15<=1005),COUNTIFS($C$4:$C$1500,">=1001",$C$4:$C$1500,"<=1005",K$4:K$1500,">"&K15)+1,IF(AND($C15>=1101,$C15<=1105),COUNTIFS($C$4:$C$1500,">=1101",$C$4:$C$1500,"<=1105",K$4:K$1500,">"&K15)+1,IF(AND($C15>=901,$C15<=905),COUNTIFS($C$4:$C$1500,">=901",$C$4:$C$1500,"<=905",K$4:K$1500,">"&K15)+1,IF(AND($C15>=801,$C15<=805),COUNTIFS($C$4:$C$1500,">=801",$C$4:$C$1500,"<=805",K$4:K$1500,">"&K15)+1,IF(AND($C15>=701,$C15<=705),COUNTIFS($C$4:$C$1500,">=701",$C$4:$C$1500,"<=705",K$4:K$1500,">"&K15)+1,IF(AND($C15>=601,$C15<=606),COUNTIFS($C$4:$C$1500,">=601",$C$4:$C$1500,"<=606",K$4:K$1500,">"&K15)+1,""))))))) | N15: =IF(OR($C15="",K15=""),"",IF(OR(AND($C15>=1001,$C15<=1005),AND($C15>=1101,$C15<=1105)),COUNTIFS($C$4:$C$1500,">=1001",$C$4:$C$1500,"<=1005",K$4:K$1500,">"&K15)+COUNTIFS($C$4:$C$1500,">=1101",$C$4:$C$1500,"<=1105",K$4:K$1500,">"&K15)+1,"")) | O15: 43.49 | P15: 59.03 | Q15: 79.83 | R15: 67.08 | S15: 57.5 | T15: =IF(AND(O15>0,O15<36),1,IF(AND(O15>=36,O15<51),2,IF(AND(O15>=51,O15<71),3,IF(AND(O15>=71,O15<=100),4,)))) | U15: =IF(AND(P15>0,P15<41),1,IF(AND(P15>=41,P15<56),2,IF(AND(P15>=56,P15<71),3,IF(AND(P15>=71,P15<=100),4,)))) | V15: =IF(AND(Q15>0,Q15<41),1,IF(AND(Q15>=41,Q15<56),2,IF(AND(Q15>=56,Q15<71),3,IF(AND(Q15>=71,Q15<=100),4,)))) | W15: =IF(AND(R15>0,R15<36),1,IF(AND(R15>=36,R15<51),2,IF(AND(R15>=51,R15<66),3,IF(AND(R15>=66,R15<=100),4,)))) | X15: =IF(AND(S15>0,S15<37),1,IF(AND(S15>=37,S15<58),2,IF(AND(S15>=58,S15<71),3,IF(AND(S15>=71,S15<=100),4,)))) | Y15: =IF(SUM(AC15:AG15)=0, "", ROUND(((AC15*3+AD15*3+AE15*3+AF15*3+AG15*1)/13)*5,0)) | Z15: =IF(OR($C15="",Y15=""),"",COUNTIFS($C$4:$C$1500,$C15,Y$4:Y$1500,">"&Y15)+1) | AA15: =IF(OR($C15="",Y15=""),"",IF(AND($C15>=1001,$C15<=1005),COUNTIFS($C$4:$C$1500,">=1001",$C$4:$C$1500,"<=1005",Y$4:Y$1500,">"&Y15)+1,IF(AND($C15>=1101,$C15<=1105),COUNTIFS($C$4:$C$1500,">=1101",$C$4:$C$1500,"<=1105",Y$4:Y$1500,">"&Y15)+1,IF(AND($C15>=901,$C15<=905),COUNTIFS($C$4:$C$1500,">=901",$C$4:$C$1500,"<=905",Y$4:Y$1500,">"&Y15)+1,IF(AND($C15>=801,$C15<=805),COUNTIFS($C$4:$C$1500,">=801",$C$4:$C$1500,"<=805",Y$4:Y$1500,">"&Y15)+1,IF(AND($C15>=701,$C15<=705),COUNTIFS($C$4:$C$1500,">=701",$C$4:$C$1500,"<=705",Y$4:Y$1500,">"&Y15)+1,IF(AND($C15>=601,$C15<=606),COUNTIFS($C$4:$C$1500,">=601",$C$4:$C$1500,"<=606",Y$4:Y$1500,">"&Y15)+1,""))))))) | AB15: =IF(OR($C15="",Y15=""),"",IF(OR(AND($C15>=1001,$C15<=1005),AND($C15>=1101,$C15<=1105)),COUNTIFS($C$4:$C$1500,">=1001",$C$4:$C$1500,"<=1005",Y$4:Y$1500,">"&Y15)+COUNTIFS($C$4:$C$1500,">=1101",$C$4:$C$1500,"<=1105",Y$4:Y$1500,">"&Y15)+1,"")) | AC15: 78 | AD15: 43.75 | AE15: 55 | AF15: 52.5 | AG15: 77.92 | AH15: =IF(AND(AC15>0,AC15<36),1,IF(AND(AC15>=36,AC15<51),2,IF(AND(AC15>=51,AC15<71),3,IF(AND(AC15>=71,AC15<=100),4,)))) | AI15: =IF(AND(AD15>0,AD15<41),1,IF(AND(AD15>=41,AD15<56),2,IF(AND(AD15>=56,AD15<71),3,IF(AND(AD15>=71,AD15<=100),4,)))) | AJ15: =IF(AND(AE15>0,AE15<41),1,IF(AND(AE15>=41,AE15<56),2,IF(AND(AE15>=56,AE15<71),3,IF(AND(AE15>=71,AE15<=100),4,)))) | AK15: =IF(AND(AF15>0,AF15<36),1,IF(AND(AF15>=36,AF15<51),2,IF(AND(AF15>=51,AF15<66),3,IF(AND(AF15>=66,AF15<=100),4,)))) | AL15: =IF(AND(AG15>0,AG15<37),1,IF(AND(AG15>=37,AG15<58),2,IF(AND(AG15>=58,AG15<71),3,IF(AND(AG15>=71,AG15<=100),4,)))) | AM15: =IF((Y15<>"")*(K15<>""),Y15-K15,"") | AN15: =IF((Z15<>"")*(L15<>""),Z15-L15,"") | AO15: =IF((AA15<>"")*(M15<>""),AA15-M15,"") | AP15: =IF((AB15<>"")*(N15<>""),AB15-N15,"") | AQ15: =IF((AC15<>"")*(O15<>""),AC15-O15,"") | AR15: =IF((AD15<>"")*(P15<>""),AD15-P15,"") | AS15: =IF((AE15<>"")*(Q15<>""),AE15-Q15,"") | AT15: =IF((AF15<>"")*(R15<>""),AF15-R15,"") | ... AZ15: =IF((AL15<>"")*(X15<>""),AL15-X15,"") | BA15: =IFERROR(__xludf.dummyfunction("AI(""Actúa como un tutor académico y dirígete personalmente al estudiante "" & I15 & "" "" & J15 & "" "" & G15 & "" "" & H15 & "" hablándole en segunda persona (tú). INSTRUCCIÓN VITAL: A continuación te daré un dato llamado 'Diferencia Global'. Si ese dato es"&"tá vacío o no es un número, significa que el estudiante solo presentó un simulacro; en ese caso, NO hagas comparativos ni hables de evolución, solo redacta un mensaje motivador destacando sus fortalezas y áreas a mejorar basándote en los puntajes del simu"&"lacro que sí presentó. Si la 'Diferencia Global' sí tiene un número, analiza su evolución y su avance o retroceso en el ranking. DATOS DEL ESTUDIANTE -> Diferencia Global: '"" & AM15 & ""'. Diferencias por área: Matemáticas ("" & AQ15 & ""), Ciencias Natura"&"les ("" & AR15 & ""), Sociales ("" & AS15 & ""), Lectura Crítica ("" & AT15 & "") e Inglés ("" & AU15 & ""). Variación en posición: grupo ("" & AN15 & ""), grado ("" & AO15 & "") y media ("" & AP15 & ""). Puntajes Primer Simulacro: Global "" & K15 & "", Mat "" & "&"O4 & "", Cien "" & P15 & "", Soc "" & Q15 & "", Lec "" & R15 & "", Ing "" & S15 & "". Puntajes Segundo Simulacro: Global "" & Y15 & "", Mat "" & AC15 & "", Cien "" & AD15 & "", Soc "" & AE15 & "", Lec "" & AF15 & "", Ing "" & AG15 & "". Escribe un mensaje motivador"&" y breve (máximo 4 líneas)."") "),"=AI(""Actúa como un tutor académico y dirígete personalmente al estudiante "" & I15 & "" "" & J15 & "" "" & G15 & "" "" & H15 & "" hablándole en segunda persona (tú). INSTRUCCIÓN VITAL: A continuación te daré un dato llamado 'Diferencia Global'. Si ese dato e"&"stá vacío o no es un número, significa que el estudiante solo presentó un simulacro; en ese caso, NO hagas comparativos ni hables de evolución, solo redacta un mensaje motivador destacando sus fortalezas y áreas a mejorar basándote en los puntajes del sim"&"ulacro que sí presentó. Si la 'Diferencia Global' sí tiene un número, analiza su evolución y su avance o retroceso en el ranking. DATOS DEL ESTUDIANTE -> Diferencia Global: '"" & AM15 & ""'. Diferencias por área: Matemáticas ("" & AQ15 & ""), Ciencias Natur"&"ales ("" & AR15 & ""), Sociales ("" & AS15 & ""), Lectura Crítica ("" & AT15 & "") e Inglés ("" & AU15 & ""). Variación en posición: grupo ("" & AN15 & ""), grado ("" & AO15 & "") y media ("" & AP15 & ""). Puntajes Primer Simulacro: Global "" & K15 & "", Mat "" &"&" O15 & "", Cien "" & P15 & "", Soc "" & Q15 & "", Lec "" & R15 & "", Ing "" & S15 & "". Puntajes Segundo Simulacro: Global "" & Y15 & "", Mat "" & AC15 & "", Cien "" & AD15 & "", Soc "" & AE15 & "", Lec "" & AF15 & "", Ing "" & AG15 & "". Escribe un mensaje motivado"&"r y breve (máximo 4 líneas)."") ")
B16: Bachillerato | C16: 601 | F16: =TRIM(G16&" "&H16&" "&I16&" "&J16) | G16: Díaz | H16: Ara | I16: Moisés | K16: =IF(SUM(O16:S16)=0, "", ROUND(((O16*3+P16*3+Q16*3+R16*3+S16*1)/13)*5,0)) | L16: =IF(OR($C16="",K16=""),"",COUNTIFS($C$4:$C$1500,$C16,K$4:K$1500,">"&K16)+1) | M16: =IF(OR($C16="",K16=""),"",IF(AND($C16>=1001,$C16<=1005),COUNTIFS($C$4:$C$1500,">=1001",$C$4:$C$1500,"<=1005",K$4:K$1500,">"&K16)+1,IF(AND($C16>=1101,$C16<=1105),COUNTIFS($C$4:$C$1500,">=1101",$C$4:$C$1500,"<=1105",K$4:K$1500,">"&K16)+1,IF(AND($C16>=901,$C16<=905),COUNTIFS($C$4:$C$1500,">=901",$C$4:$C$1500,"<=905",K$4:K$1500,">"&K16)+1,IF(AND($C16>=801,$C16<=805),COUNTIFS($C$4:$C$1500,">=801",$C$4:$C$1500,"<=805",K$4:K$1500,">"&K16)+1,IF(AND($C16>=701,$C16<=705),COUNTIFS($C$4:$C$1500,">=701",$C$4:$C$1500,"<=705",K$4:K$1500,">"&K16)+1,IF(AND($C16>=601,$C16<=606),COUNTIFS($C$4:$C$1500,">=601",$C$4:$C$1500,"<=606",K$4:K$1500,">"&K16)+1,""))))))) | N16: =IF(OR($C16="",K16=""),"",IF(OR(AND($C16>=1001,$C16<=1005),AND($C16>=1101,$C16<=1105)),COUNTIFS($C$4:$C$1500,">=1001",$C$4:$C$1500,"<=1005",K$4:K$1500,">"&K16)+COUNTIFS($C$4:$C$1500,">=1101",$C$4:$C$1500,"<=1105",K$4:K$1500,">"&K16)+1,"")) | O16: 56.53 | P16: 72.22 | Q16: 66.39 | R16: 57.5 | S16: 62.29 | T16: =IF(AND(O16>0,O16<36),1,IF(AND(O16>=36,O16<51),2,IF(AND(O16>=51,O16<71),3,IF(AND(O16>=71,O16<=100),4,)))) | U16: =IF(AND(P16>0,P16<41),1,IF(AND(P16>=41,P16<56),2,IF(AND(P16>=56,P16<71),3,IF(AND(P16>=71,P16<=100),4,)))) | V16: =IF(AND(Q16>0,Q16<41),1,IF(AND(Q16>=41,Q16<56),2,IF(AND(Q16>=56,Q16<71),3,IF(AND(Q16>=71,Q16<=100),4,)))) | W16: =IF(AND(R16>0,R16<36),1,IF(AND(R16>=36,R16<51),2,IF(AND(R16>=51,R16<66),3,IF(AND(R16>=66,R16<=100),4,)))) | X16: =IF(AND(S16>0,S16<37),1,IF(AND(S16>=37,S16<58),2,IF(AND(S16>=58,S16<71),3,IF(AND(S16>=71,S16<=100),4,)))) | Y16: =IF(SUM(AC16:AG16)=0, "", ROUND(((AC16*3+AD16*3+AE16*3+AF16*3+AG16*1)/13)*5,0)) | Z16: =IF(OR($C16="",Y16=""),"",COUNTIFS($C$4:$C$1500,$C16,Y$4:Y$1500,">"&Y16)+1) | AA16: =IF(OR($C16="",Y16=""),"",IF(AND($C16>=1001,$C16<=1005),COUNTIFS($C$4:$C$1500,">=1001",$C$4:$C$1500,"<=1005",Y$4:Y$1500,">"&Y16)+1,IF(AND($C16>=1101,$C16<=1105),COUNTIFS($C$4:$C$1500,">=1101",$C$4:$C$1500,"<=1105",Y$4:Y$1500,">"&Y16)+1,IF(AND($C16>=901,$C16<=905),COUNTIFS($C$4:$C$1500,">=901",$C$4:$C$1500,"<=905",Y$4:Y$1500,">"&Y16)+1,IF(AND($C16>=801,$C16<=805),COUNTIFS($C$4:$C$1500,">=801",$C$4:$C$1500,"<=805",Y$4:Y$1500,">"&Y16)+1,IF(AND($C16>=701,$C16<=705),COUNTIFS($C$4:$C$1500,">=701",$C$4:$C$1500,"<=705",Y$4:Y$1500,">"&Y16)+1,IF(AND($C16>=601,$C16<=606),COUNTIFS($C$4:$C$1500,">=601",$C$4:$C$1500,"<=606",Y$4:Y$1500,">"&Y16)+1,""))))))) | AB16: =IF(OR($C16="",Y16=""),"",IF(OR(AND($C16>=1001,$C16<=1005),AND($C16>=1101,$C16<=1105)),COUNTIFS($C$4:$C$1500,">=1001",$C$4:$C$1500,"<=1005",Y$4:Y$1500,">"&Y16)+COUNTIFS($C$4:$C$1500,">=1101",$C$4:$C$1500,"<=1105",Y$4:Y$1500,">"&Y16)+1,"")) | AC16: 68.75 | AD16: 80.95 | AE16: 79.75 | AF16: 74.38 | AG16: 68.75 | AH16: =IF(AND(AC16>0,AC16<36),1,IF(AND(AC16>=36,AC16<51),2,IF(AND(AC16>=51,AC16<71),3,IF(AND(AC16>=71,AC16<=100),4,)))) | AI16: =IF(AND(AD16>0,AD16<41),1,IF(AND(AD16>=41,AD16<56),2,IF(AND(AD16>=56,AD16<71),3,IF(AND(AD16>=71,AD16<=100),4,)))) | AJ16: =IF(AND(AE16>0,AE16<41),1,IF(AND(AE16>=41,AE16<56),2,IF(AND(AE16>=56,AE16<71),3,IF(AND(AE16>=71,AE16<=100),4,)))) | AK16: =IF(AND(AF16>0,AF16<36),1,IF(AND(AF16>=36,AF16<51),2,IF(AND(AF16>=51,AF16<66),3,IF(AND(AF16>=66,AF16<=100),4,)))) | AL16: =IF(AND(AG16>0,AG16<37),1,IF(AND(AG16>=37,AG16<58),2,IF(AND(AG16>=58,AG16<71),3,IF(AND(AG16>=71,AG16<=100),4,)))) | AM16: =IF((Y16<>"")*(K16<>""),Y16-K16,"") | AN16: =IF((Z16<>"")*(L16<>""),Z16-L16,"") | AO16: =IF((AA16<>"")*(M16<>""),AA16-M16,"") | AP16: =IF((AB16<>"")*(N16<>""),AB16-N16,"") | AQ16: =IF((AC16<>"")*(O16<>""),AC16-O16,"") | AR16: =IF((AD16<>"")*(P16<>""),AD16-P16,"") | AS16: =IF((AE16<>"")*(Q16<>""),AE16-Q16,"") | AT16: =IF((AF16<>"")*(R16<>""),AF16-R16,"") | ... AZ16: =IF((AL16<>"")*(X16<>""),AL16-X16,"") | BA16: =IFERROR(__xludf.dummyfunction("AI(""Actúa como un tutor académico y dirígete personalmente al estudiante "" & I16 & "" "" & J16 & "" "" & G16 & "" "" & H16 & "" hablándole en segunda persona (tú). INSTRUCCIÓN VITAL: A continuación te daré un dato llamado 'Diferencia Global'. Si ese dato es"&"tá vacío o no es un número, significa que el estudiante solo presentó un simulacro; en ese caso, NO hagas comparativos ni hables de evolución, solo redacta un mensaje motivador destacando sus fortalezas y áreas a mejorar basándote en los puntajes del simu"&"lacro que sí presentó. Si la 'Diferencia Global' sí tiene un número, analiza su evolución y su avance o retroceso en el ranking. DATOS DEL ESTUDIANTE -> Diferencia Global: '"" & AM16 & ""'. Diferencias por área: Matemáticas ("" & AQ16 & ""), Ciencias Natura"&"les ("" & AR16 & ""), Sociales ("" & AS16 & ""), Lectura Crítica ("" & AT16 & "") e Inglés ("" & AU16 & ""). Variación en posición: grupo ("" & AN16 & ""), grado ("" & AO16 & "") y media ("" & AP16 & ""). Puntajes Primer Simulacro: Global "" & K16 & "", Mat "" & "&"O4 & "", Cien "" & P16 & "", Soc "" & Q16 & "", Lec "" & R16 & "", Ing "" & S16 & "". Puntajes Segundo Simulacro: Global "" & Y16 & "", Mat "" & AC16 & "", Cien "" & AD16 & "", Soc "" & AE16 & "", Lec "" & AF16 & "", Ing "" & AG16 & "". Escribe un mensaje motivador"&" y breve (máximo 4 líneas)."") "),"=AI(""Actúa como un tutor académico y dirígete personalmente al estudiante "" & I16 & "" "" & J16 & "" "" & G16 & "" "" & H16 & "" hablándole en segunda persona (tú). INSTRUCCIÓN VITAL: A continuación te daré un dato llamado 'Diferencia Global'. Si ese dato e"&"stá vacío o no es un número, significa que el estudiante solo presentó un simulacro; en ese caso, NO hagas comparativos ni hables de evolución, solo redacta un mensaje motivador destacando sus fortalezas y áreas a mejorar basándote en los puntajes del sim"&"ulacro que sí presentó. Si la 'Diferencia Global' sí tiene un número, analiza su evolución y su avance o retroceso en el ranking. DATOS DEL ESTUDIANTE -> Diferencia Global: '"" & AM16 & ""'. Diferencias por área: Matemáticas ("" & AQ16 & ""), Ciencias Natur"&"ales ("" & AR16 & ""), Sociales ("" & AS16 & ""), Lectura Crítica ("" & AT16 & "") e Inglés ("" & AU16 & ""). Variación en posición: grupo ("" & AN16 & ""), grado ("" & AO16 & "") y media ("" & AP16 & ""). Puntajes Primer Simulacro: Global "" & K16 & "", Mat "" &"&" O16 & "", Cien "" & P16 & "", Soc "" & Q16 & "", Lec "" & R16 & "", Ing "" & S16 & "". Puntajes Segundo Simulacro: Global "" & Y16 & "", Mat "" & AC16 & "", Cien "" & AD16 & "", Soc "" & AE16 & "", Lec "" & AF16 & "", Ing "" & AG16 & "". Escribe un mensaje motivado"&"r y breve (máximo 4 líneas)."") ")
B17: Bachillerato | C17: 601 | F17: =TRIM(G17&" "&H17&" "&I17&" "&J17) | G17: Gutiérrez | H17: Carvajal | I17: Sofía | K17: =IF(SUM(O17:S17)=0, "", ROUND(((O17*3+P17*3+Q17*3+R17*3+S17*1)/13)*5,0)) | L17: =IF(OR($C17="",K17=""),"",COUNTIFS($C$4:$C$1500,$C17,K$4:K$1500,">"&K17)+1) | M17: =IF(OR($C17="",K17=""),"",IF(AND($C17>=1001,$C17<=1005),COUNTIFS($C$4:$C$1500,">=1001",$C$4:$C$1500,"<=1005",K$4:K$1500,">"&K17)+1,IF(AND($C17>=1101,$C17<=1105),COUNTIFS($C$4:$C$1500,">=1101",$C$4:$C$1500,"<=1105",K$4:K$1500,">"&K17)+1,IF(AND($C17>=901,$C17<=905),COUNTIFS($C$4:$C$1500,">=901",$C$4:$C$1500,"<=905",K$4:K$1500,">"&K17)+1,IF(AND($C17>=801,$C17<=805),COUNTIFS($C$4:$C$1500,">=801",$C$4:$C$1500,"<=805",K$4:K$1500,">"&K17)+1,IF(AND($C17>=701,$C17<=705),COUNTIFS($C$4:$C$1500,">=701",$C$4:$C$1500,"<=705",K$4:K$1500,">"&K17)+1,IF(AND($C17>=601,$C17<=606),COUNTIFS($C$4:$C$1500,">=601",$C$4:$C$1500,"<=606",K$4:K$1500,">"&K17)+1,""))))))) | N17: =IF(OR($C17="",K17=""),"",IF(OR(AND($C17>=1001,$C17<=1005),AND($C17>=1101,$C17<=1105)),COUNTIFS($C$4:$C$1500,">=1001",$C$4:$C$1500,"<=1005",K$4:K$1500,">"&K17)+COUNTIFS($C$4:$C$1500,">=1101",$C$4:$C$1500,"<=1105",K$4:K$1500,">"&K17)+1,"")) | O17: 36.72 | P17: 48.61 | Q17: 23.53 | R17: 33.54 | S17: 38.33 | T17: =IF(AND(O17>0,O17<36),1,IF(AND(O17>=36,O17<51),2,IF(AND(O17>=51,O17<71),3,IF(AND(O17>=71,O17<=100),4,)))) | U17: =IF(AND(P17>0,P17<41),1,IF(AND(P17>=41,P17<56),2,IF(AND(P17>=56,P17<71),3,IF(AND(P17>=71,P17<=100),4,)))) | V17: =IF(AND(Q17>0,Q17<41),1,IF(AND(Q17>=41,Q17<56),2,IF(AND(Q17>=56,Q17<71),3,IF(AND(Q17>=71,Q17<=100),4,)))) | W17: =IF(AND(R17>0,R17<36),1,IF(AND(R17>=36,R17<51),2,IF(AND(R17>=51,R17<66),3,IF(AND(R17>=66,R17<=100),4,)))) | X17: =IF(AND(S17>0,S17<37),1,IF(AND(S17>=37,S17<58),2,IF(AND(S17>=58,S17<71),3,IF(AND(S17>=71,S17<=100),4,)))) | Y17: =IF(SUM(AC17:AG17)=0, "", ROUND(((AC17*3+AD17*3+AE17*3+AF17*3+AG17*1)/13)*5,0)) | Z17: =IF(OR($C17="",Y17=""),"",COUNTIFS($C$4:$C$1500,$C17,Y$4:Y$1500,">"&Y17)+1) | AA17: =IF(OR($C17="",Y17=""),"",IF(AND($C17>=1001,$C17<=1005),COUNTIFS($C$4:$C$1500,">=1001",$C$4:$C$1500,"<=1005",Y$4:Y$1500,">"&Y17)+1,IF(AND($C17>=1101,$C17<=1105),COUNTIFS($C$4:$C$1500,">=1101",$C$4:$C$1500,"<=1105",Y$4:Y$1500,">"&Y17)+1,IF(AND($C17>=901,$C17<=905),COUNTIFS($C$4:$C$1500,">=901",$C$4:$C$1500,"<=905",Y$4:Y$1500,">"&Y17)+1,IF(AND($C17>=801,$C17<=805),COUNTIFS($C$4:$C$1500,">=801",$C$4:$C$1500,"<=805",Y$4:Y$1500,">"&Y17)+1,IF(AND($C17>=701,$C17<=705),COUNTIFS($C$4:$C$1500,">=701",$C$4:$C$1500,"<=705",Y$4:Y$1500,">"&Y17)+1,IF(AND($C17>=601,$C17<=606),COUNTIFS($C$4:$C$1500,">=601",$C$4:$C$1500,"<=606",Y$4:Y$1500,">"&Y17)+1,""))))))) | AB17: =IF(OR($C17="",Y17=""),"",IF(OR(AND($C17>=1001,$C17<=1005),AND($C17>=1101,$C17<=1105)),COUNTIFS($C$4:$C$1500,">=1001",$C$4:$C$1500,"<=1005",Y$4:Y$1500,">"&Y17)+COUNTIFS($C$4:$C$1500,">=1101",$C$4:$C$1500,"<=1105",Y$4:Y$1500,">"&Y17)+1,"")) | AC17: 60.5 | AD17: 45.36 | AE17: 41.25 | AF17: 52.5 | AG17: 50.42 | AH17: =IF(AND(AC17>0,AC17<36),1,IF(AND(AC17>=36,AC17<51),2,IF(AND(AC17>=51,AC17<71),3,IF(AND(AC17>=71,AC17<=100),4,)))) | AI17: =IF(AND(AD17>0,AD17<41),1,IF(AND(AD17>=41,AD17<56),2,IF(AND(AD17>=56,AD17<71),3,IF(AND(AD17>=71,AD17<=100),4,)))) | AJ17: =IF(AND(AE17>0,AE17<41),1,IF(AND(AE17>=41,AE17<56),2,IF(AND(AE17>=56,AE17<71),3,IF(AND(AE17>=71,AE17<=100),4,)))) | AK17: =IF(AND(AF17>0,AF17<36),1,IF(AND(AF17>=36,AF17<51),2,IF(AND(AF17>=51,AF17<66),3,IF(AND(AF17>=66,AF17<=100),4,)))) | AL17: =IF(AND(AG17>0,AG17<37),1,IF(AND(AG17>=37,AG17<58),2,IF(AND(AG17>=58,AG17<71),3,IF(AND(AG17>=71,AG17<=100),4,)))) | AM17: =IF((Y17<>"")*(K17<>""),Y17-K17,"") | AN17: =IF((Z17<>"")*(L17<>""),Z17-L17,"") | AO17: =IF((AA17<>"")*(M17<>""),AA17-M17,"") | AP17: =IF((AB17<>"")*(N17<>""),AB17-N17,"") | AQ17: =IF((AC17<>"")*(O17<>""),AC17-O17,"") | AR17: =IF((AD17<>"")*(P17<>""),AD17-P17,"") | AS17: =IF((AE17<>"")*(Q17<>""),AE17-Q17,"") | AT17: =IF((AF17<>"")*(R17<>""),AF17-R17,"") | ... AZ17: =IF((AL17<>"")*(X17<>""),AL17-X17,"") | BA17: =IFERROR(__xludf.dummyfunction("AI(""Actúa como un tutor académico y dirígete personalmente al estudiante "" & I17 & "" "" & J17 & "" "" & G17 & "" "" & H17 & "" hablándole en segunda persona (tú). INSTRUCCIÓN VITAL: A continuación te daré un dato llamado 'Diferencia Global'. Si ese dato es"&"tá vacío o no es un número, significa que el estudiante solo presentó un simulacro; en ese caso, NO hagas comparativos ni hables de evolución, solo redacta un mensaje motivador destacando sus fortalezas y áreas a mejorar basándote en los puntajes del simu"&"lacro que sí presentó. Si la 'Diferencia Global' sí tiene un número, analiza su evolución y su avance o retroceso en el ranking. DATOS DEL ESTUDIANTE -> Diferencia Global: '"" & AM17 & ""'. Diferencias por área: Matemáticas ("" & AQ17 & ""), Ciencias Natura"&"les ("" & AR17 & ""), Sociales ("" & AS17 & ""), Lectura Crítica ("" & AT17 & "") e Inglés ("" & AU17 & ""). Variación en posición: grupo ("" & AN17 & ""), grado ("" & AO17 & "") y media ("" & AP17 & ""). Puntajes Primer Simulacro: Global "" & K17 & "", Mat "" & "&"O4 & "", Cien "" & P17 & "", Soc "" & Q17 & "", Lec "" & R17 & "", Ing "" & S17 & "". Puntajes Segundo Simulacro: Global "" & Y17 & "", Mat "" & AC17 & "", Cien "" & AD17 & "", Soc "" & AE17 & "", Lec "" & AF17 & "", Ing "" & AG17 & "". Escribe un mensaje motivador"&" y breve (máximo 4 líneas)."") "),"=AI(""Actúa como un tutor académico y dirígete personalmente al estudiante "" & I17 & "" "" & J17 & "" "" & G17 & "" "" & H17 & "" hablándole en segunda persona (tú). INSTRUCCIÓN VITAL: A continuación te daré un dato llamado 'Diferencia Global'. Si ese dato e"&"stá vacío o no es un número, significa que el estudiante solo presentó un simulacro; en ese caso, NO hagas comparativos ni hables de evolución, solo redacta un mensaje motivador destacando sus fortalezas y áreas a mejorar basándote en los puntajes del sim"&"ulacro que sí presentó. Si la 'Diferencia Global' sí tiene un número, analiza su evolución y su avance o retroceso en el ranking. DATOS DEL ESTUDIANTE -> Diferencia Global: '"" & AM17 & ""'. Diferencias por área: Matemáticas ("" & AQ17 & ""), Ciencias Natur"&"ales ("" & AR17 & ""), Sociales ("" & AS17 & ""), Lectura Crítica ("" & AT17 & "") e Inglés ("" & AU17 & ""). Variación en posición: grupo ("" & AN17 & ""), grado ("" & AO17 & "") y media ("" & AP17 & ""). Puntajes Primer Simulacro: Global "" & K17 & "", Mat "" &"&" O17 & "", Cien "" & P17 & "", Soc "" & Q17 & "", Lec "" & R17 & "", Ing "" & S17 & "". Puntajes Segundo Simulacro: Global "" & Y17 & "", Mat "" & AC17 & "", Cien "" & AD17 & "", Soc "" & AE17 & "", Lec "" & AF17 & "", Ing "" & AG17 & "". Escribe un mensaje motivado"&"r y breve (máximo 4 líneas)."") ")
B18: Bachillerato | C18: 601 | F18: =TRIM(G18&" "&H18&" "&I18&" "&J18) | G18: Hernández | H18: Lora | I18: Matías | K18: =IF(SUM(O18:S18)=0, "", ROUND(((O18*3+P18*3+Q18*3+R18*3+S18*1)/13)*5,0)) | L18: =IF(OR($C18="",K18=""),"",COUNTIFS($C$4:$C$1500,$C18,K$4:K$1500,">"&K18)+1) | M18: =IF(OR($C18="",K18=""),"",IF(AND($C18>=1001,$C18<=1005),COUNTIFS($C$4:$C$1500,">=1001",$C$4:$C$1500,"<=1005",K$4:K$1500,">"&K18)+1,IF(AND($C18>=1101,$C18<=1105),COUNTIFS($C$4:$C$1500,">=1101",$C$4:$C$1500,"<=1105",K$4:K$1500,">"&K18)+1,IF(AND($C18>=901,$C18<=905),COUNTIFS($C$4:$C$1500,">=901",$C$4:$C$1500,"<=905",K$4:K$1500,">"&K18)+1,IF(AND($C18>=801,$C18<=805),COUNTIFS($C$4:$C$1500,">=801",$C$4:$C$1500,"<=805",K$4:K$1500,">"&K18)+1,IF(AND($C18>=701,$C18<=705),COUNTIFS($C$4:$C$1500,">=701",$C$4:$C$1500,"<=705",K$4:K$1500,">"&K18)+1,IF(AND($C18>=601,$C18<=606),COUNTIFS($C$4:$C$1500,">=601",$C$4:$C$1500,"<=606",K$4:K$1500,">"&K18)+1,""))))))) | N18: =IF(OR($C18="",K18=""),"",IF(OR(AND($C18>=1001,$C18<=1005),AND($C18>=1101,$C18<=1105)),COUNTIFS($C$4:$C$1500,">=1001",$C$4:$C$1500,"<=1005",K$4:K$1500,">"&K18)+COUNTIFS($C$4:$C$1500,">=1101",$C$4:$C$1500,"<=1105",K$4:K$1500,">"&K18)+1,"")) | O18: 58.47 | P18: 54.72 | Q18: 59.24 | R18: 47.92 | S18: 57.5 | T18: =IF(AND(O18>0,O18<36),1,IF(AND(O18>=36,O18<51),2,IF(AND(O18>=51,O18<71),3,IF(AND(O18>=71,O18<=100),4,)))) | U18: =IF(AND(P18>0,P18<41),1,IF(AND(P18>=41,P18<56),2,IF(AND(P18>=56,P18<71),3,IF(AND(P18>=71,P18<=100),4,)))) | V18: =IF(AND(Q18>0,Q18<41),1,IF(AND(Q18>=41,Q18<56),2,IF(AND(Q18>=56,Q18<71),3,IF(AND(Q18>=71,Q18<=100),4,)))) | W18: =IF(AND(R18>0,R18<36),1,IF(AND(R18>=36,R18<51),2,IF(AND(R18>=51,R18<66),3,IF(AND(R18>=66,R18<=100),4,)))) | X18: =IF(AND(S18>0,S18<37),1,IF(AND(S18>=37,S18<58),2,IF(AND(S18>=58,S18<71),3,IF(AND(S18>=71,S18<=100),4,)))) | Y18: =IF(SUM(AC18:AG18)=0, "", ROUND(((AC18*3+AD18*3+AE18*3+AF18*3+AG18*1)/13)*5,0)) | Z18: =IF(OR($C18="",Y18=""),"",COUNTIFS($C$4:$C$1500,$C18,Y$4:Y$1500,">"&Y18)+1) | AA18: =IF(OR($C18="",Y18=""),"",IF(AND($C18>=1001,$C18<=1005),COUNTIFS($C$4:$C$1500,">=1001",$C$4:$C$1500,"<=1005",Y$4:Y$1500,">"&Y18)+1,IF(AND($C18>=1101,$C18<=1105),COUNTIFS($C$4:$C$1500,">=1101",$C$4:$C$1500,"<=1105",Y$4:Y$1500,">"&Y18)+1,IF(AND($C18>=901,$C18<=905),COUNTIFS($C$4:$C$1500,">=901",$C$4:$C$1500,"<=905",Y$4:Y$1500,">"&Y18)+1,IF(AND($C18>=801,$C18<=805),COUNTIFS($C$4:$C$1500,">=801",$C$4:$C$1500,"<=805",Y$4:Y$1500,">"&Y18)+1,IF(AND($C18>=701,$C18<=705),COUNTIFS($C$4:$C$1500,">=701",$C$4:$C$1500,"<=705",Y$4:Y$1500,">"&Y18)+1,IF(AND($C18>=601,$C18<=606),COUNTIFS($C$4:$C$1500,">=601",$C$4:$C$1500,"<=606",Y$4:Y$1500,">"&Y18)+1,""))))))) | AB18: =IF(OR($C18="",Y18=""),"",IF(OR(AND($C18>=1001,$C18<=1005),AND($C18>=1101,$C18<=1105)),COUNTIFS($C$4:$C$1500,">=1001",$C$4:$C$1500,"<=1005",Y$4:Y$1500,">"&Y18)+COUNTIFS($C$4:$C$1500,">=1101",$C$4:$C$1500,"<=1105",Y$4:Y$1500,">"&Y18)+1,"")) | AC18: 85.75 | AD18: 72.44 | AE18: 72 | AF18: 52.5 | AG18: 68.75 | AH18: =IF(AND(AC18>0,AC18<36),1,IF(AND(AC18>=36,AC18<51),2,IF(AND(AC18>=51,AC18<71),3,IF(AND(AC18>=71,AC18<=100),4,)))) | AI18: =IF(AND(AD18>0,AD18<41),1,IF(AND(AD18>=41,AD18<56),2,IF(AND(AD18>=56,AD18<71),3,IF(AND(AD18>=71,AD18<=100),4,)))) | AJ18: =IF(AND(AE18>0,AE18<41),1,IF(AND(AE18>=41,AE18<56),2,IF(AND(AE18>=56,AE18<71),3,IF(AND(AE18>=71,AE18<=100),4,)))) | AK18: =IF(AND(AF18>0,AF18<36),1,IF(AND(AF18>=36,AF18<51),2,IF(AND(AF18>=51,AF18<66),3,IF(AND(AF18>=66,AF18<=100),4,)))) | AL18: =IF(AND(AG18>0,AG18<37),1,IF(AND(AG18>=37,AG18<58),2,IF(AND(AG18>=58,AG18<71),3,IF(AND(AG18>=71,AG18<=100),4,)))) | AM18: =IF((Y18<>"")*(K18<>""),Y18-K18,"") | AN18: =IF((Z18<>"")*(L18<>""),Z18-L18,"") | AO18: =IF((AA18<>"")*(M18<>""),AA18-M18,"") | AP18: =IF((AB18<>"")*(N18<>""),AB18-N18,"") | AQ18: =IF((AC18<>"")*(O18<>""),AC18-O18,"") | AR18: =IF((AD18<>"")*(P18<>""),AD18-P18,"") | AS18: =IF((AE18<>"")*(Q18<>""),AE18-Q18,"") | AT18: =IF((AF18<>"")*(R18<>""),AF18-R18,"") | ... AZ18: =IF((AL18<>"")*(X18<>""),AL18-X18,"") | BA18: =IFERROR(__xludf.dummyfunction("AI(""Actúa como un tutor académico y dirígete personalmente al estudiante "" & I18 & "" "" & J18 & "" "" & G18 & "" "" & H18 & "" hablándole en segunda persona (tú). INSTRUCCIÓN VITAL: A continuación te daré un dato llamado 'Diferencia Global'. Si ese dato es"&"tá vacío o no es un número, significa que el estudiante solo presentó un simulacro; en ese caso, NO hagas comparativos ni hables de evolución, solo redacta un mensaje motivador destacando sus fortalezas y áreas a mejorar basándote en los puntajes del simu"&"lacro que sí presentó. Si la 'Diferencia Global' sí tiene un número, analiza su evolución y su avance o retroceso en el ranking. DATOS DEL ESTUDIANTE -> Diferencia Global: '"" & AM18 & ""'. Diferencias por área: Matemáticas ("" & AQ18 & ""), Ciencias Natura"&"les ("" & AR18 & ""), Sociales ("" & AS18 & ""), Lectura Crítica ("" & AT18 & "") e Inglés ("" & AU18 & ""). Variación en posición: grupo ("" & AN18 & ""), grado ("" & AO18 & "") y media ("" & AP18 & ""). Puntajes Primer Simulacro: Global "" & K18 & "", Mat "" & "&"O4 & "", Cien "" & P18 & "", Soc "" & Q18 & "", Lec "" & R18 & "", Ing "" & S18 & "". Puntajes Segundo Simulacro: Global "" & Y18 & "", Mat "" & AC18 & "", Cien "" & AD18 & "", Soc "" & AE18 & "", Lec "" & AF18 & "", Ing "" & AG18 & "". Escribe un mensaje motivador"&" y breve (máximo 4 líneas)."") "),"=AI(""Actúa como un tutor académico y dirígete personalmente al estudiante "" & I18 & "" "" & J18 & "" "" & G18 & "" "" & H18 & "" hablándole en segunda persona (tú). INSTRUCCIÓN VITAL: A continuación te daré un dato llamado 'Diferencia Global'. Si ese dato e"&"stá vacío o no es un número, significa que el estudiante solo presentó un simulacro; en ese caso, NO hagas comparativos ni hables de evolución, solo redacta un mensaje motivador destacando sus fortalezas y áreas a mejorar basándote en los puntajes del sim"&"ulacro que sí presentó. Si la 'Diferencia Global' sí tiene un número, analiza su evolución y su avance o retroceso en el ranking. DATOS DEL ESTUDIANTE -> Diferencia Global: '"" & AM18 & ""'. Diferencias por área: Matemáticas ("" & AQ18 & ""), Ciencias Natur"&"ales ("" & AR18 & ""), Sociales ("" & AS18 & ""), Lectura Crítica ("" & AT18 & "") e Inglés ("" & AU18 & ""). Variación en posición: grupo ("" & AN18 & ""), grado ("" & AO18 & "") y media ("" & AP18 & ""). Puntajes Primer Simulacro: Global "" & K18 & "", Mat "" &"&" O18 & "", Cien "" & P18 & "", Soc "" & Q18 & "", Lec "" & R18 & "", Ing "" & S18 & "". Puntajes Segundo Simulacro: Global "" & Y18 & "", Mat "" & AC18 & "", Cien "" & AD18 & "", Soc "" & AE18 & "", Lec "" & AF18 & "", Ing "" & AG18 & "". Escribe un mensaje motivado"&"r y breve (máximo 4 líneas)."") ")
